img_path,predicted_label_id,predicted_class_name,confidence
img_00000.jpg,21,turkey_rice,0.9822124242782593
img_00001.jpg,22,turnip_cake,0.996076762676239
img_00002.jpg,24,yolk_pastry,0.9884358644485474
img_00003.jpg,9,mochi,0.9873782992362976
img_00004.jpg,20,three-cup_chicken,0.9830865859985352
img_00005.jpg,21,turkey_rice,0.9421888589859009
img_00006.jpg,24,yolk_pastry,0.9874162077903748
img_00007.jpg,9,mochi,0.995815098285675
img_00008.jpg,18,tanghulu,0.9925487041473389
img_00009.jpg,6,grilled_taiwanese_sausage,0.9925812482833862
img_00010.jpg,21,turkey_rice,0.9876590371131897
img_00011.jpg,24,yolk_pastry,0.9797791242599487
img_00012.jpg,3,coffin_toast,0.995894193649292
img_00013.jpg,23,xiaolongbao,0.9894292950630188
img_00014.jpg,7,iron_egg,0.9918801188468933
img_00015.jpg,20,three-cup_chicken,0.9982202649116516
img_00016.jpg,1,braised_pork_over_rice,0.9869883060455322
img_00017.jpg,1,braised_pork_over_rice,0.929385781288147
img_00018.jpg,0,beef_noodles,0.9955922961235046
img_00019.jpg,2,bubble_tea,0.9963029623031616
img_00020.jpg,5,egg_pancake_roll,0.9746795892715454
img_00021.jpg,12,pineapple_cake,0.9299532771110535
img_00022.jpg,12,pineapple_cake,0.9945945143699646
img_00023.jpg,5,egg_pancake_roll,0.990261971950531
img_00024.jpg,17,sweet_potato_ball,0.9912267327308655
img_00025.jpg,5,egg_pancake_roll,0.9910086989402771
img_00026.jpg,1,braised_pork_over_rice,0.9787499904632568
img_00027.jpg,9,mochi,0.9915593266487122
img_00028.jpg,0,beef_noodles,0.9911527037620544
img_00029.jpg,10,oyster_omelet,0.9943543672561646
img_00030.jpg,4,deep-fried_chicken_cutlets,0.9955073595046997
img_00031.jpg,23,xiaolongbao,0.993765115737915
img_00032.jpg,2,bubble_tea,0.9959093332290649
img_00033.jpg,6,grilled_taiwanese_sausage,0.9925133585929871
img_00034.jpg,9,mochi,0.994236946105957
img_00035.jpg,19,taro_ball,0.998713493347168
img_00036.jpg,5,egg_pancake_roll,0.9921100735664368
img_00037.jpg,24,yolk_pastry,0.9935113787651062
img_00038.jpg,20,three-cup_chicken,0.9934925436973572
img_00039.jpg,1,braised_pork_over_rice,0.9893869161605835
img_00040.jpg,4,deep-fried_chicken_cutlets,0.990581750869751
img_00041.jpg,0,beef_noodles,0.9975752234458923
img_00042.jpg,0,beef_noodles,0.992734432220459
img_00043.jpg,8,mango_shaved_ice,0.9977372884750366
img_00044.jpg,19,taro_ball,0.997951090335846
img_00045.jpg,19,taro_ball,0.9898840188980103
img_00046.jpg,1,braised_pork_over_rice,0.99103844165802
img_00047.jpg,24,yolk_pastry,0.9937180280685425
img_00048.jpg,3,coffin_toast,0.9955847859382629
img_00049.jpg,21,turkey_rice,0.9856260418891907
img_00050.jpg,9,mochi,0.9855120778083801
img_00051.jpg,1,braised_pork_over_rice,0.9886179566383362
img_00052.jpg,1,braised_pork_over_rice,0.9852486252784729
img_00053.jpg,8,mango_shaved_ice,0.9967954754829407
img_00054.jpg,8,mango_shaved_ice,0.9936094284057617
img_00055.jpg,23,xiaolongbao,0.9916850328445435
img_00056.jpg,0,beef_noodles,0.9955599308013916
img_00057.jpg,7,iron_egg,0.9967809915542603
img_00058.jpg,5,egg_pancake_roll,0.9925782084465027
img_00059.jpg,19,taro_ball,0.9957720637321472
img_00060.jpg,8,mango_shaved_ice,0.9980509281158447
img_00061.jpg,0,beef_noodles,0.9970259070396423
img_00062.jpg,6,grilled_taiwanese_sausage,0.996797502040863
img_00063.jpg,5,egg_pancake_roll,0.9907576441764832
img_00064.jpg,22,turnip_cake,0.9969670176506042
img_00065.jpg,7,iron_egg,0.9953136444091797
img_00066.jpg,13,potsticker,0.9737581610679626
img_00067.jpg,2,bubble_tea,0.9961729645729065
img_00068.jpg,7,iron_egg,0.9963082671165466
img_00069.jpg,4,deep-fried_chicken_cutlets,0.9911280870437622
img_00070.jpg,13,potsticker,0.9912399649620056
img_00071.jpg,4,deep-fried_chicken_cutlets,0.9970130920410156
img_00072.jpg,8,mango_shaved_ice,0.9905357956886292
img_00073.jpg,10,oyster_omelet,0.9969727993011475
img_00074.jpg,15,scallion_pancake,0.9136291742324829
img_00075.jpg,23,xiaolongbao,0.9931746125221252
img_00076.jpg,13,potsticker,0.9911738038063049
img_00077.jpg,12,pineapple_cake,0.9927190542221069
img_00078.jpg,12,pineapple_cake,0.987074613571167
img_00079.jpg,24,yolk_pastry,0.9767063856124878
img_00080.jpg,15,scallion_pancake,0.994951605796814
img_00081.jpg,14,rice_dumpling,0.9618204832077026
img_00082.jpg,12,pineapple_cake,0.9415598511695862
img_00083.jpg,9,mochi,0.9846049547195435
img_00084.jpg,13,potsticker,0.9892286062240601
img_00085.jpg,8,mango_shaved_ice,0.9971805810928345
img_00086.jpg,16,stinky_tofu,0.9975358247756958
img_00087.jpg,8,mango_shaved_ice,0.9886387586593628
img_00088.jpg,8,mango_shaved_ice,0.9903544187545776
img_00089.jpg,13,potsticker,0.9627044200897217
img_00090.jpg,2,bubble_tea,0.9944783449172974
img_00091.jpg,0,beef_noodles,0.9973415732383728
img_00092.jpg,1,braised_pork_over_rice,0.9939906597137451
img_00093.jpg,24,yolk_pastry,0.9870688915252686
img_00094.jpg,23,xiaolongbao,0.991569459438324
img_00095.jpg,10,oyster_omelet,0.9952468276023865
img_00096.jpg,21,turkey_rice,0.9810066223144531
img_00097.jpg,14,rice_dumpling,0.9947288632392883
img_00098.jpg,7,iron_egg,0.9960904717445374
img_00099.jpg,8,mango_shaved_ice,0.9969421029090881
img_00100.jpg,0,beef_noodles,0.9963827133178711
img_00101.jpg,3,coffin_toast,0.9890702962875366
img_00102.jpg,17,sweet_potato_ball,0.9954766631126404
img_00103.jpg,4,deep-fried_chicken_cutlets,0.9956965446472168
img_00104.jpg,3,coffin_toast,0.9927625060081482
img_00105.jpg,21,turkey_rice,0.9820406436920166
img_00106.jpg,19,taro_ball,0.9979870319366455
img_00107.jpg,11,papaya_milk,0.9969694018363953
img_00108.jpg,8,mango_shaved_ice,0.997968852519989
img_00109.jpg,24,yolk_pastry,0.9960261583328247
img_00110.jpg,0,beef_noodles,0.995428204536438
img_00111.jpg,9,mochi,0.9900990128517151
img_00112.jpg,19,taro_ball,0.9982351064682007
img_00113.jpg,3,coffin_toast,0.9932021498680115
img_00114.jpg,14,rice_dumpling,0.9978112578392029
img_00115.jpg,10,oyster_omelet,0.9930602312088013
img_00116.jpg,12,pineapple_cake,0.9910379648208618
img_00117.jpg,3,coffin_toast,0.995888888835907
img_00118.jpg,14,rice_dumpling,0.9819514751434326
img_00119.jpg,12,pineapple_cake,0.9770539402961731
img_00120.jpg,14,rice_dumpling,0.9966917037963867
img_00121.jpg,14,rice_dumpling,0.9960403442382812
img_00122.jpg,7,iron_egg,0.9938344955444336
img_00123.jpg,22,turnip_cake,0.995154857635498
img_00124.jpg,12,pineapple_cake,0.9927565455436707
img_00125.jpg,14,rice_dumpling,0.9928207993507385
img_00126.jpg,11,papaya_milk,0.9933399558067322
img_00127.jpg,12,pineapple_cake,0.99191814661026
img_00128.jpg,23,xiaolongbao,0.9924129843711853
img_00129.jpg,21,turkey_rice,0.989700198173523
img_00130.jpg,9,mochi,0.9838173389434814
img_00131.jpg,10,oyster_omelet,0.9949178695678711
img_00132.jpg,6,grilled_taiwanese_sausage,0.99591064453125
img_00133.jpg,23,xiaolongbao,0.9930128455162048
img_00134.jpg,0,beef_noodles,0.99739009141922
img_00135.jpg,17,sweet_potato_ball,0.9920819997787476
img_00136.jpg,20,three-cup_chicken,0.9887760877609253
img_00137.jpg,17,sweet_potato_ball,0.9965404272079468
img_00138.jpg,23,xiaolongbao,0.9901542067527771
img_00139.jpg,17,sweet_potato_ball,0.9932180047035217
img_00140.jpg,21,turkey_rice,0.9929377436637878
img_00141.jpg,19,taro_ball,0.9734872579574585
img_00142.jpg,14,rice_dumpling,0.9936156272888184
img_00143.jpg,18,tanghulu,0.9971309900283813
img_00144.jpg,1,braised_pork_over_rice,0.9907143115997314
img_00145.jpg,9,mochi,0.9892024397850037
img_00146.jpg,8,mango_shaved_ice,0.9958221912384033
img_00147.jpg,16,stinky_tofu,0.9985393285751343
img_00148.jpg,20,three-cup_chicken,0.9840595722198486
img_00149.jpg,3,coffin_toast,0.9966314435005188
img_00150.jpg,14,rice_dumpling,0.9907512068748474
img_00151.jpg,14,rice_dumpling,0.9955386519432068
img_00152.jpg,2,bubble_tea,0.9954153299331665
img_00153.jpg,17,sweet_potato_ball,0.9958240985870361
img_00154.jpg,8,mango_shaved_ice,0.996960461139679
img_00155.jpg,13,potsticker,0.9873048663139343
img_00156.jpg,23,xiaolongbao,0.9907569289207458
img_00157.jpg,23,xiaolongbao,0.9897465705871582
img_00158.jpg,15,scallion_pancake,0.8226057887077332
img_00159.jpg,18,tanghulu,0.9971146583557129
img_00160.jpg,22,turnip_cake,0.991385817527771
img_00161.jpg,21,turkey_rice,0.9880548119544983
img_00162.jpg,10,oyster_omelet,0.9937812685966492
img_00163.jpg,15,scallion_pancake,0.9908339381217957
img_00164.jpg,13,potsticker,0.9905003905296326
img_00165.jpg,22,turnip_cake,0.998551070690155
img_00166.jpg,21,turkey_rice,0.9893382787704468
img_00167.jpg,3,coffin_toast,0.9967809915542603
img_00168.jpg,22,turnip_cake,0.9915817379951477
img_00169.jpg,16,stinky_tofu,0.9974088072776794
img_00170.jpg,13,potsticker,0.9923566579818726
img_00171.jpg,12,pineapple_cake,0.9970256686210632
img_00172.jpg,16,stinky_tofu,0.9986226558685303
img_00173.jpg,1,braised_pork_over_rice,0.984413206577301
img_00174.jpg,18,tanghulu,0.9952573180198669
img_00175.jpg,20,three-cup_chicken,0.9962767958641052
img_00176.jpg,12,pineapple_cake,0.9646286964416504
img_00177.jpg,18,tanghulu,0.9961887001991272
img_00178.jpg,22,turnip_cake,0.9277640581130981
img_00179.jpg,14,rice_dumpling,0.9970211386680603
img_00180.jpg,2,bubble_tea,0.7044403553009033
img_00181.jpg,12,pineapple_cake,0.9896550178527832
img_00182.jpg,12,pineapple_cake,0.9905717372894287
img_00183.jpg,24,yolk_pastry,0.9890888333320618
img_00184.jpg,22,turnip_cake,0.9984466433525085
img_00185.jpg,23,xiaolongbao,0.984167754650116
img_00186.jpg,5,egg_pancake_roll,0.9756388068199158
img_00187.jpg,13,potsticker,0.9694778919219971
img_00188.jpg,13,potsticker,0.8067730069160461
img_00189.jpg,21,turkey_rice,0.9905160069465637
img_00190.jpg,11,papaya_milk,0.9956735968589783
img_00191.jpg,24,yolk_pastry,0.9890263676643372
img_00192.jpg,0,beef_noodles,0.978935718536377
img_00193.jpg,16,stinky_tofu,0.9522799253463745
img_00194.jpg,23,xiaolongbao,0.9898006319999695
img_00195.jpg,20,three-cup_chicken,0.9985716342926025
img_00196.jpg,20,three-cup_chicken,0.9964005947113037
img_00197.jpg,14,rice_dumpling,0.9949734210968018
img_00198.jpg,19,taro_ball,0.9960095882415771
img_00199.jpg,19,taro_ball,0.9950017333030701
img_00200.jpg,2,bubble_tea,0.9923692941665649
img_00201.jpg,8,mango_shaved_ice,0.9593659043312073
img_00202.jpg,15,scallion_pancake,0.9744337797164917
img_00203.jpg,15,scallion_pancake,0.9934741854667664
img_00204.jpg,18,tanghulu,0.997805655002594
img_00205.jpg,12,pineapple_cake,0.9940903782844543
img_00206.jpg,11,papaya_milk,0.9908081889152527
img_00207.jpg,6,grilled_taiwanese_sausage,0.9895027875900269
img_00208.jpg,13,potsticker,0.9923381805419922
img_00209.jpg,3,coffin_toast,0.9958034157752991
img_00210.jpg,19,taro_ball,0.9973770380020142
img_00211.jpg,2,bubble_tea,0.9951560497283936
img_00212.jpg,8,mango_shaved_ice,0.9981404542922974
img_00213.jpg,5,egg_pancake_roll,0.9335159659385681
img_00214.jpg,9,mochi,0.9806109666824341
img_00215.jpg,20,three-cup_chicken,0.9973461627960205
img_00216.jpg,14,rice_dumpling,0.9503272771835327
img_00217.jpg,12,pineapple_cake,0.9912846088409424
img_00218.jpg,9,mochi,0.9890826940536499
img_00219.jpg,24,yolk_pastry,0.9833886623382568
img_00220.jpg,16,stinky_tofu,0.9992414712905884
img_00221.jpg,2,bubble_tea,0.9934307932853699
img_00222.jpg,21,turkey_rice,0.7382197380065918
img_00223.jpg,13,potsticker,0.9936965107917786
img_00224.jpg,5,egg_pancake_roll,0.9845902919769287
img_00225.jpg,12,pineapple_cake,0.984889566898346
img_00226.jpg,21,turkey_rice,0.9966936111450195
img_00227.jpg,20,three-cup_chicken,0.9983025789260864
img_00228.jpg,15,scallion_pancake,0.9949040412902832
img_00229.jpg,23,xiaolongbao,0.9960941672325134
img_00230.jpg,1,braised_pork_over_rice,0.9917104840278625
img_00231.jpg,16,stinky_tofu,0.9949765205383301
img_00232.jpg,18,tanghulu,0.9970868229866028
img_00233.jpg,4,deep-fried_chicken_cutlets,0.9984460473060608
img_00234.jpg,23,xiaolongbao,0.9893937110900879
img_00235.jpg,24,yolk_pastry,0.9926154613494873
img_00236.jpg,18,tanghulu,0.9976316690444946
img_00237.jpg,15,scallion_pancake,0.9904161691665649
img_00238.jpg,13,potsticker,0.9674131870269775
img_00239.jpg,16,stinky_tofu,0.9954577684402466
img_00240.jpg,18,tanghulu,0.9954636693000793
img_00241.jpg,3,coffin_toast,0.9916878342628479
img_00242.jpg,23,xiaolongbao,0.9940979480743408
img_00243.jpg,23,xiaolongbao,0.9953538179397583
img_00244.jpg,0,beef_noodles,0.9609410762786865
img_00245.jpg,0,beef_noodles,0.9950866103172302
img_00246.jpg,23,xiaolongbao,0.9916422367095947
img_00247.jpg,8,mango_shaved_ice,0.9955700039863586
img_00248.jpg,23,xiaolongbao,0.9927921295166016
img_00249.jpg,3,coffin_toast,0.9868319034576416
img_00250.jpg,17,sweet_potato_ball,0.9914964437484741
img_00251.jpg,7,iron_egg,0.9892327785491943
img_00252.jpg,6,grilled_taiwanese_sausage,0.994232714176178
img_00253.jpg,13,potsticker,0.9881287217140198
img_00254.jpg,13,potsticker,0.9909125566482544
img_00255.jpg,2,bubble_tea,0.9960491061210632
img_00256.jpg,10,oyster_omelet,0.9953176975250244
img_00257.jpg,18,tanghulu,0.9951920509338379
img_00258.jpg,20,three-cup_chicken,0.9984055161476135
img_00259.jpg,15,scallion_pancake,0.9964505434036255
img_00260.jpg,3,coffin_toast,0.9909700155258179
img_00261.jpg,0,beef_noodles,0.9938870072364807
img_00262.jpg,6,grilled_taiwanese_sausage,0.9966192245483398
img_00263.jpg,1,braised_pork_over_rice,0.9930275082588196
img_00264.jpg,10,oyster_omelet,0.9969242215156555
img_00265.jpg,21,turkey_rice,0.9831619262695312
img_00266.jpg,0,beef_noodles,0.9972196817398071
img_00267.jpg,5,egg_pancake_roll,0.9521951675415039
img_00268.jpg,19,taro_ball,0.9984361529350281
img_00269.jpg,3,coffin_toast,0.99299556016922
img_00270.jpg,12,pineapple_cake,0.9658817052841187
img_00271.jpg,21,turkey_rice,0.9891502261161804
img_00272.jpg,15,scallion_pancake,0.9935751557350159
img_00273.jpg,14,rice_dumpling,0.9883667826652527
img_00274.jpg,3,coffin_toast,0.9941483736038208
img_00275.jpg,11,papaya_milk,0.9955549836158752
img_00276.jpg,5,egg_pancake_roll,0.9852306246757507
img_00277.jpg,20,three-cup_chicken,0.9956438541412354
img_00278.jpg,11,papaya_milk,0.995599627494812
img_00279.jpg,14,rice_dumpling,0.9974005222320557
img_00280.jpg,5,egg_pancake_roll,0.9688549637794495
img_00281.jpg,23,xiaolongbao,0.9948230981826782
img_00282.jpg,5,egg_pancake_roll,0.9950401186943054
img_00283.jpg,13,potsticker,0.9932110905647278
img_00284.jpg,18,tanghulu,0.9922817349433899
img_00285.jpg,11,papaya_milk,0.9918103814125061
img_00286.jpg,20,three-cup_chicken,0.9986201524734497
img_00287.jpg,24,yolk_pastry,0.9898805618286133
img_00288.jpg,19,taro_ball,0.9975419044494629
img_00289.jpg,0,beef_noodles,0.9971388578414917
img_00290.jpg,15,scallion_pancake,0.990967333316803
img_00291.jpg,18,tanghulu,0.9936643838882446
img_00292.jpg,21,turkey_rice,0.9231081604957581
img_00293.jpg,7,iron_egg,0.9950965046882629
img_00294.jpg,22,turnip_cake,0.9968818426132202
img_00295.jpg,0,beef_noodles,0.9958882927894592
img_00296.jpg,12,pineapple_cake,0.9782721996307373
img_00297.jpg,10,oyster_omelet,0.9934208989143372
img_00298.jpg,23,xiaolongbao,0.9898275136947632
img_00299.jpg,4,deep-fried_chicken_cutlets,0.9936680197715759
img_00300.jpg,11,papaya_milk,0.996751070022583
img_00301.jpg,8,mango_shaved_ice,0.9979392886161804
img_00302.jpg,0,beef_noodles,0.9974097609519958
img_00303.jpg,1,braised_pork_over_rice,0.9900234341621399
img_00304.jpg,8,mango_shaved_ice,0.9966051578521729
img_00305.jpg,4,deep-fried_chicken_cutlets,0.9988536834716797
img_00306.jpg,0,beef_noodles,0.9962034821510315
img_00307.jpg,1,braised_pork_over_rice,0.5863071084022522
img_00308.jpg,14,rice_dumpling,0.996991753578186
img_00309.jpg,19,taro_ball,0.9977415800094604
img_00310.jpg,11,papaya_milk,0.995604395866394
img_00311.jpg,9,mochi,0.9966009259223938
img_00312.jpg,23,xiaolongbao,0.992854654788971
img_00313.jpg,12,pineapple_cake,0.9938487410545349
img_00314.jpg,4,deep-fried_chicken_cutlets,0.9969097971916199
img_00315.jpg,20,three-cup_chicken,0.9984966516494751
img_00316.jpg,24,yolk_pastry,0.9924883842468262
img_00317.jpg,23,xiaolongbao,0.9932610392570496
img_00318.jpg,12,pineapple_cake,0.9925013184547424
img_00319.jpg,8,mango_shaved_ice,0.9961667656898499
img_00320.jpg,7,iron_egg,0.9849918484687805
img_00321.jpg,14,rice_dumpling,0.9979766011238098
img_00322.jpg,23,xiaolongbao,0.9901170134544373
img_00323.jpg,16,stinky_tofu,0.9973829388618469
img_00324.jpg,6,grilled_taiwanese_sausage,0.9980996251106262
img_00325.jpg,23,xiaolongbao,0.9923628568649292
img_00326.jpg,17,sweet_potato_ball,0.9923680424690247
img_00327.jpg,4,deep-fried_chicken_cutlets,0.939605712890625
img_00328.jpg,0,beef_noodles,0.9926827549934387
img_00329.jpg,3,coffin_toast,0.9907289743423462
img_00330.jpg,5,egg_pancake_roll,0.9958672523498535
img_00331.jpg,23,xiaolongbao,0.987500786781311
img_00332.jpg,8,mango_shaved_ice,0.9962596893310547
img_00333.jpg,10,oyster_omelet,0.9962750673294067
img_00334.jpg,23,xiaolongbao,0.9967882633209229
img_00335.jpg,24,yolk_pastry,0.9851677417755127
img_00336.jpg,8,mango_shaved_ice,0.9956438541412354
img_00337.jpg,16,stinky_tofu,0.9984347224235535
img_00338.jpg,2,bubble_tea,0.9960322976112366
img_00339.jpg,6,grilled_taiwanese_sausage,0.9939974546432495
img_00340.jpg,10,oyster_omelet,0.9939676523208618
img_00341.jpg,23,xiaolongbao,0.9899426698684692
img_00342.jpg,8,mango_shaved_ice,0.9961672425270081
img_00343.jpg,0,beef_noodles,0.9900186061859131
img_00344.jpg,7,iron_egg,0.9667845964431763
img_00345.jpg,17,sweet_potato_ball,0.9791091680526733
img_00346.jpg,21,turkey_rice,0.9848793148994446
img_00347.jpg,0,beef_noodles,0.9959944486618042
img_00348.jpg,21,turkey_rice,0.9895251989364624
img_00349.jpg,6,grilled_taiwanese_sausage,0.9903567433357239
img_00350.jpg,2,bubble_tea,0.9956642985343933
img_00351.jpg,4,deep-fried_chicken_cutlets,0.9989991784095764
img_00352.jpg,5,egg_pancake_roll,0.9908972382545471
img_00353.jpg,3,coffin_toast,0.9942692518234253
img_00354.jpg,6,grilled_taiwanese_sausage,0.9935845732688904
img_00355.jpg,0,beef_noodles,0.9969131946563721
img_00356.jpg,12,pineapple_cake,0.9900584816932678
img_00357.jpg,14,rice_dumpling,0.9955724477767944
img_00358.jpg,11,papaya_milk,0.9892532229423523
img_00359.jpg,22,turnip_cake,0.991212785243988
img_00360.jpg,8,mango_shaved_ice,0.6286279559135437
img_00361.jpg,10,oyster_omelet,0.6654528379440308
img_00362.jpg,21,turkey_rice,0.9851326942443848
img_00363.jpg,23,xiaolongbao,0.9924319982528687
img_00364.jpg,3,coffin_toast,0.9738788604736328
img_00365.jpg,11,papaya_milk,0.9925985336303711
img_00366.jpg,15,scallion_pancake,0.9884302616119385
img_00367.jpg,23,xiaolongbao,0.9968543648719788
img_00368.jpg,22,turnip_cake,0.9926672577857971
img_00369.jpg,10,oyster_omelet,0.9973483085632324
img_00370.jpg,10,oyster_omelet,0.9942860007286072
img_00371.jpg,19,taro_ball,0.995650589466095
img_00372.jpg,12,pineapple_cake,0.9906591176986694
img_00373.jpg,15,scallion_pancake,0.9970051646232605
img_00374.jpg,15,scallion_pancake,0.9883177876472473
img_00375.jpg,7,iron_egg,0.9952617883682251
img_00376.jpg,18,tanghulu,0.9950007796287537
img_00377.jpg,8,mango_shaved_ice,0.9957887530326843
img_00378.jpg,16,stinky_tofu,0.999076247215271
img_00379.jpg,22,turnip_cake,0.9873578548431396
img_00380.jpg,23,xiaolongbao,0.9887263178825378
img_00381.jpg,21,turkey_rice,0.988175630569458
img_00382.jpg,8,mango_shaved_ice,0.9937132000923157
img_00383.jpg,3,coffin_toast,0.9981503486633301
img_00384.jpg,8,mango_shaved_ice,0.9970495700836182
img_00385.jpg,24,yolk_pastry,0.9870573878288269
img_00386.jpg,13,potsticker,0.9777413010597229
img_00387.jpg,24,yolk_pastry,0.982824444770813
img_00388.jpg,11,papaya_milk,0.975042998790741
img_00389.jpg,8,mango_shaved_ice,0.9948347806930542
img_00390.jpg,0,beef_noodles,0.9944664835929871
img_00391.jpg,22,turnip_cake,0.9875689148902893
img_00392.jpg,17,sweet_potato_ball,0.984717071056366
img_00393.jpg,11,papaya_milk,0.9954178333282471
img_00394.jpg,10,oyster_omelet,0.9961701035499573
img_00395.jpg,2,bubble_tea,0.9934676289558411
img_00396.jpg,9,mochi,0.9978821873664856
img_00397.jpg,5,egg_pancake_roll,0.9725283980369568
img_00398.jpg,6,grilled_taiwanese_sausage,0.9908388257026672
img_00399.jpg,11,papaya_milk,0.9921358823776245
img_00400.jpg,8,mango_shaved_ice,0.9980886578559875
img_00401.jpg,10,oyster_omelet,0.9796573519706726
img_00402.jpg,19,taro_ball,0.997334361076355
img_00403.jpg,7,iron_egg,0.9962185025215149
img_00404.jpg,6,grilled_taiwanese_sausage,0.9935348033905029
img_00405.jpg,20,three-cup_chicken,0.9984192848205566
img_00406.jpg,11,papaya_milk,0.9955690503120422
img_00407.jpg,9,mochi,0.9937746524810791
img_00408.jpg,15,scallion_pancake,0.9964926838874817
img_00409.jpg,7,iron_egg,0.9969306588172913
img_00410.jpg,7,iron_egg,0.8546550869941711
img_00411.jpg,10,oyster_omelet,0.99588543176651
img_00412.jpg,8,mango_shaved_ice,0.995790958404541
img_00413.jpg,5,egg_pancake_roll,0.9861627221107483
img_00414.jpg,21,turkey_rice,0.9856765270233154
img_00415.jpg,2,bubble_tea,0.9940937161445618
img_00416.jpg,2,bubble_tea,0.9967558979988098
img_00417.jpg,16,stinky_tofu,0.9987157583236694
img_00418.jpg,16,stinky_tofu,0.9986822009086609
img_00419.jpg,21,turkey_rice,0.9786222577095032
img_00420.jpg,17,sweet_potato_ball,0.9938480257987976
img_00421.jpg,2,bubble_tea,0.9873992204666138
img_00422.jpg,13,potsticker,0.9508116245269775
img_00423.jpg,12,pineapple_cake,0.9963209629058838
img_00424.jpg,3,coffin_toast,0.9878035187721252
img_00425.jpg,6,grilled_taiwanese_sausage,0.9948857426643372
img_00426.jpg,22,turnip_cake,0.990559458732605
img_00427.jpg,24,yolk_pastry,0.9927420616149902
img_00428.jpg,18,tanghulu,0.997626006603241
img_00429.jpg,14,rice_dumpling,0.9977936744689941
img_00430.jpg,17,sweet_potato_ball,0.9898987412452698
img_00431.jpg,4,deep-fried_chicken_cutlets,0.9978845715522766
img_00432.jpg,12,pineapple_cake,0.9891490340232849
img_00433.jpg,7,iron_egg,0.995806097984314
img_00434.jpg,19,taro_ball,0.9969156980514526
img_00435.jpg,14,rice_dumpling,0.9968485236167908
img_00436.jpg,4,deep-fried_chicken_cutlets,0.995733916759491
img_00437.jpg,13,potsticker,0.9887599945068359
img_00438.jpg,6,grilled_taiwanese_sausage,0.9868451356887817
img_00439.jpg,7,iron_egg,0.9924531579017639
img_00440.jpg,14,rice_dumpling,0.9966210126876831
img_00441.jpg,13,potsticker,0.9403678774833679
img_00442.jpg,7,iron_egg,0.9955209493637085
img_00443.jpg,24,yolk_pastry,0.9936459064483643
img_00444.jpg,19,taro_ball,0.9924874305725098
img_00445.jpg,17,sweet_potato_ball,0.9956880211830139
img_00446.jpg,14,rice_dumpling,0.9947629570960999
img_00447.jpg,15,scallion_pancake,0.9902087450027466
img_00448.jpg,19,taro_ball,0.9965431094169617
img_00449.jpg,8,mango_shaved_ice,0.997248113155365
img_00450.jpg,12,pineapple_cake,0.9887640476226807
img_00451.jpg,1,braised_pork_over_rice,0.9914681911468506
img_00452.jpg,19,taro_ball,0.9992142915725708
img_00453.jpg,13,potsticker,0.7999219298362732
img_00454.jpg,3,coffin_toast,0.9943517446517944
img_00455.jpg,7,iron_egg,0.9941481351852417
img_00456.jpg,21,turkey_rice,0.9862805604934692
img_00457.jpg,1,braised_pork_over_rice,0.9897921085357666
img_00458.jpg,6,grilled_taiwanese_sausage,0.9897165894508362
img_00459.jpg,6,grilled_taiwanese_sausage,0.9970459342002869
img_00460.jpg,0,beef_noodles,0.9909632802009583
img_00461.jpg,8,mango_shaved_ice,0.9962155222892761
img_00462.jpg,17,sweet_potato_ball,0.964970588684082
img_00463.jpg,24,yolk_pastry,0.9940147995948792
img_00464.jpg,18,tanghulu,0.9933204650878906
img_00465.jpg,22,turnip_cake,0.990486204624176
img_00466.jpg,13,potsticker,0.9791111350059509
img_00467.jpg,14,rice_dumpling,0.9954671859741211
img_00468.jpg,20,three-cup_chicken,0.9975906610488892
img_00469.jpg,10,oyster_omelet,0.9932739734649658
img_00470.jpg,0,beef_noodles,0.9974011182785034
img_00471.jpg,20,three-cup_chicken,0.9970995187759399
img_00472.jpg,9,mochi,0.9922338724136353
img_00473.jpg,21,turkey_rice,0.9897359609603882
img_00474.jpg,12,pineapple_cake,0.9887905120849609
img_00475.jpg,11,papaya_milk,0.996320366859436
img_00476.jpg,22,turnip_cake,0.9885452389717102
img_00477.jpg,24,yolk_pastry,0.9914536476135254
img_00478.jpg,23,xiaolongbao,0.9923147559165955
img_00479.jpg,11,papaya_milk,0.9962146878242493
img_00480.jpg,11,papaya_milk,0.7634946703910828
img_00481.jpg,23,xiaolongbao,0.9918409585952759
img_00482.jpg,21,turkey_rice,0.9851508736610413
img_00483.jpg,3,coffin_toast,0.9887384176254272
img_00484.jpg,0,beef_noodles,0.9976660013198853
img_00485.jpg,11,papaya_milk,0.9956165552139282
img_00486.jpg,5,egg_pancake_roll,0.9287371039390564
img_00487.jpg,5,egg_pancake_roll,0.9959102869033813
img_00488.jpg,1,braised_pork_over_rice,0.991637647151947
img_00489.jpg,2,bubble_tea,0.9941176176071167
img_00490.jpg,7,iron_egg,0.9948611855506897
img_00491.jpg,3,coffin_toast,0.9925909042358398
img_00492.jpg,23,xiaolongbao,0.9927037954330444
img_00493.jpg,23,xiaolongbao,0.9932096600532532
img_00494.jpg,18,tanghulu,0.9971688389778137
img_00495.jpg,23,xiaolongbao,0.9921270608901978
img_00496.jpg,8,mango_shaved_ice,0.9970837235450745
img_00497.jpg,14,rice_dumpling,0.998297393321991
img_00498.jpg,3,coffin_toast,0.9943580031394958
img_00499.jpg,1,braised_pork_over_rice,0.9910483956336975
img_00500.jpg,20,three-cup_chicken,0.9821390509605408
img_00501.jpg,15,scallion_pancake,0.9923416376113892
img_00502.jpg,14,rice_dumpling,0.9965621829032898
img_00503.jpg,23,xiaolongbao,0.9906159043312073
img_00504.jpg,8,mango_shaved_ice,0.9952442049980164
img_00505.jpg,2,bubble_tea,0.9943608641624451
img_00506.jpg,20,three-cup_chicken,0.9981328845024109
img_00507.jpg,9,mochi,0.9279882311820984
img_00508.jpg,8,mango_shaved_ice,0.993876039981842
img_00509.jpg,16,stinky_tofu,0.9948012828826904
img_00510.jpg,8,mango_shaved_ice,0.9975270628929138
img_00511.jpg,15,scallion_pancake,0.987273097038269
img_00512.jpg,23,xiaolongbao,0.9904435276985168
img_00513.jpg,4,deep-fried_chicken_cutlets,0.9710339903831482
img_00514.jpg,8,mango_shaved_ice,0.9967183470726013
img_00515.jpg,22,turnip_cake,0.9839186668395996
img_00516.jpg,6,grilled_taiwanese_sausage,0.996160626411438
img_00517.jpg,24,yolk_pastry,0.9899689555168152
img_00518.jpg,2,bubble_tea,0.9960358738899231
img_00519.jpg,6,grilled_taiwanese_sausage,0.991377592086792
img_00520.jpg,8,mango_shaved_ice,0.9984439015388489
img_00521.jpg,7,iron_egg,0.9945092797279358
img_00522.jpg,22,turnip_cake,0.9958487749099731
img_00523.jpg,2,bubble_tea,0.9968051910400391
img_00524.jpg,18,tanghulu,0.997434675693512
img_00525.jpg,22,turnip_cake,0.9927353858947754
img_00526.jpg,21,turkey_rice,0.9497278332710266
img_00527.jpg,16,stinky_tofu,0.8768318295478821
img_00528.jpg,3,coffin_toast,0.9938486218452454
img_00529.jpg,15,scallion_pancake,0.9951781034469604
img_00530.jpg,22,turnip_cake,0.9963907599449158
img_00531.jpg,3,coffin_toast,0.9935651421546936
img_00532.jpg,20,three-cup_chicken,0.9971328973770142
img_00533.jpg,4,deep-fried_chicken_cutlets,0.9966334700584412
img_00534.jpg,13,potsticker,0.9817628860473633
img_00535.jpg,5,egg_pancake_roll,0.9875482320785522
img_00536.jpg,0,beef_noodles,0.9936571717262268
img_00537.jpg,23,xiaolongbao,0.9915185570716858
img_00538.jpg,20,three-cup_chicken,0.824872612953186
img_00539.jpg,2,bubble_tea,0.9981435537338257
img_00540.jpg,11,papaya_milk,0.9954712390899658
img_00541.jpg,18,tanghulu,0.9969397783279419
img_00542.jpg,13,potsticker,0.9849916100502014
img_00543.jpg,24,yolk_pastry,0.9917164444923401
img_00544.jpg,9,mochi,0.996502161026001
img_00545.jpg,4,deep-fried_chicken_cutlets,0.9967879056930542
img_00546.jpg,11,papaya_milk,0.9905331134796143
img_00547.jpg,5,egg_pancake_roll,0.9283868074417114
img_00548.jpg,4,deep-fried_chicken_cutlets,0.9971491694450378
img_00549.jpg,11,papaya_milk,0.993392288684845
img_00550.jpg,10,oyster_omelet,0.9897232055664062
img_00551.jpg,21,turkey_rice,0.9849684834480286
img_00552.jpg,0,beef_noodles,0.9936047196388245
img_00553.jpg,8,mango_shaved_ice,0.9962562322616577
img_00554.jpg,2,bubble_tea,0.9958925247192383
img_00555.jpg,19,taro_ball,0.9973746538162231
img_00556.jpg,16,stinky_tofu,0.9982988238334656
img_00557.jpg,15,scallion_pancake,0.986277163028717
img_00558.jpg,18,tanghulu,0.9919811487197876
img_00559.jpg,10,oyster_omelet,0.9957705140113831
img_00560.jpg,8,mango_shaved_ice,0.9970110654830933
img_00561.jpg,2,bubble_tea,0.9942713975906372
img_00562.jpg,17,sweet_potato_ball,0.9920762777328491
img_00563.jpg,7,iron_egg,0.994305431842804
img_00564.jpg,15,scallion_pancake,0.9969366788864136
img_00565.jpg,17,sweet_potato_ball,0.9904358983039856
img_00566.jpg,22,turnip_cake,0.9874201416969299
img_00567.jpg,23,xiaolongbao,0.9937908053398132
img_00568.jpg,12,pineapple_cake,0.9946712851524353
img_00569.jpg,3,coffin_toast,0.9924945831298828
img_00570.jpg,1,braised_pork_over_rice,0.9879903197288513
img_00571.jpg,8,mango_shaved_ice,0.9880818128585815
img_00572.jpg,18,tanghulu,0.9923579096794128
img_00573.jpg,2,bubble_tea,0.9933068156242371
img_00574.jpg,13,potsticker,0.9787886142730713
img_00575.jpg,7,iron_egg,0.9911269545555115
img_00576.jpg,5,egg_pancake_roll,0.9923624992370605
img_00577.jpg,15,scallion_pancake,0.9879459142684937
img_00578.jpg,20,three-cup_chicken,0.9900293946266174
img_00579.jpg,22,turnip_cake,0.995827853679657
img_00580.jpg,11,papaya_milk,0.9894373416900635
img_00581.jpg,24,yolk_pastry,0.9954838752746582
img_00582.jpg,19,taro_ball,0.995419979095459
img_00583.jpg,6,grilled_taiwanese_sausage,0.9874110817909241
img_00584.jpg,24,yolk_pastry,0.9901248216629028
img_00585.jpg,23,xiaolongbao,0.9939457774162292
img_00586.jpg,16,stinky_tofu,0.9993120431900024
img_00587.jpg,20,three-cup_chicken,0.8972777724266052
img_00588.jpg,4,deep-fried_chicken_cutlets,0.9946165680885315
img_00589.jpg,4,deep-fried_chicken_cutlets,0.9982101917266846
img_00590.jpg,0,beef_noodles,0.9977128505706787
img_00591.jpg,15,scallion_pancake,0.9954227805137634
img_00592.jpg,5,egg_pancake_roll,0.983272910118103
img_00593.jpg,6,grilled_taiwanese_sausage,0.9900447726249695
img_00594.jpg,3,coffin_toast,0.9923253059387207
img_00595.jpg,21,turkey_rice,0.9731822609901428
img_00596.jpg,10,oyster_omelet,0.9928176403045654
img_00597.jpg,22,turnip_cake,0.9947476983070374
img_00598.jpg,22,turnip_cake,0.9961070418357849
img_00599.jpg,6,grilled_taiwanese_sausage,0.989959716796875
img_00600.jpg,14,rice_dumpling,0.996795117855072
img_00601.jpg,15,scallion_pancake,0.9935590624809265
img_00602.jpg,1,braised_pork_over_rice,0.9844921827316284
img_00603.jpg,7,iron_egg,0.9844873547554016
img_00604.jpg,23,xiaolongbao,0.9896007180213928
img_00605.jpg,11,papaya_milk,0.99490886926651
img_00606.jpg,23,xiaolongbao,0.9924256801605225
img_00607.jpg,20,three-cup_chicken,0.8785974979400635
img_00608.jpg,6,grilled_taiwanese_sausage,0.9913273453712463
img_00609.jpg,13,potsticker,0.9858102202415466
img_00610.jpg,20,three-cup_chicken,0.992986261844635
img_00611.jpg,4,deep-fried_chicken_cutlets,0.9720120429992676
img_00612.jpg,11,papaya_milk,0.9890497922897339
img_00613.jpg,15,scallion_pancake,0.9778253436088562
img_00614.jpg,20,three-cup_chicken,0.9831790924072266
img_00615.jpg,11,papaya_milk,0.987877607345581
img_00616.jpg,12,pineapple_cake,0.9897153973579407
img_00617.jpg,24,yolk_pastry,0.9944721460342407
img_00618.jpg,23,xiaolongbao,0.9815788269042969
img_00619.jpg,23,xiaolongbao,0.9935315251350403
img_00620.jpg,19,taro_ball,0.9979493021965027
img_00621.jpg,10,oyster_omelet,0.9860943555831909
img_00622.jpg,23,xiaolongbao,0.9911544322967529
img_00623.jpg,2,bubble_tea,0.9941841959953308
img_00624.jpg,0,beef_noodles,0.9959177374839783
img_00625.jpg,5,egg_pancake_roll,0.5463740229606628
img_00626.jpg,14,rice_dumpling,0.9983835220336914
img_00627.jpg,21,turkey_rice,0.9884670972824097
img_00628.jpg,4,deep-fried_chicken_cutlets,0.9981099367141724
img_00629.jpg,17,sweet_potato_ball,0.9946159720420837
img_00630.jpg,19,taro_ball,0.9967106580734253
img_00631.jpg,2,bubble_tea,0.9942889213562012
img_00632.jpg,8,mango_shaved_ice,0.9978899359703064
img_00633.jpg,6,grilled_taiwanese_sausage,0.9984986782073975
img_00634.jpg,15,scallion_pancake,0.9950062036514282
img_00635.jpg,17,sweet_potato_ball,0.9955524802207947
img_00636.jpg,24,yolk_pastry,0.993794322013855
img_00637.jpg,8,mango_shaved_ice,0.9919575452804565
img_00638.jpg,17,sweet_potato_ball,0.9926950931549072
img_00639.jpg,23,xiaolongbao,0.9924682974815369
img_00640.jpg,17,sweet_potato_ball,0.978947639465332
img_00641.jpg,19,taro_ball,0.9964770674705505
img_00642.jpg,22,turnip_cake,0.9968274235725403
img_00643.jpg,22,turnip_cake,0.9958612322807312
img_00644.jpg,3,coffin_toast,0.9950320720672607
img_00645.jpg,5,egg_pancake_roll,0.9908376336097717
img_00646.jpg,4,deep-fried_chicken_cutlets,0.9980981945991516
img_00647.jpg,22,turnip_cake,0.9966352581977844
img_00648.jpg,23,xiaolongbao,0.9916852712631226
img_00649.jpg,16,stinky_tofu,0.9952932000160217
img_00650.jpg,10,oyster_omelet,0.9970971345901489
img_00651.jpg,24,yolk_pastry,0.988118588924408
img_00652.jpg,7,iron_egg,0.988350510597229
img_00653.jpg,15,scallion_pancake,0.9932518601417542
img_00654.jpg,3,coffin_toast,0.9887455105781555
img_00655.jpg,2,bubble_tea,0.9927069544792175
img_00656.jpg,11,papaya_milk,0.9976181387901306
img_00657.jpg,0,beef_noodles,0.9941657781600952
img_00658.jpg,19,taro_ball,0.9960734844207764
img_00659.jpg,19,taro_ball,0.9970625042915344
img_00660.jpg,1,braised_pork_over_rice,0.9915857315063477
img_00661.jpg,3,coffin_toast,0.9936443567276001
img_00662.jpg,2,bubble_tea,0.9964098334312439
img_00663.jpg,6,grilled_taiwanese_sausage,0.9857267737388611
img_00664.jpg,2,bubble_tea,0.9939779043197632
img_00665.jpg,24,yolk_pastry,0.9922807812690735
img_00666.jpg,9,mochi,0.9971494078636169
img_00667.jpg,8,mango_shaved_ice,0.9935000538825989
img_00668.jpg,10,oyster_omelet,0.9961399435997009
img_00669.jpg,13,potsticker,0.9935851693153381
img_00670.jpg,9,mochi,0.9940471649169922
img_00671.jpg,14,rice_dumpling,0.993880033493042
img_00672.jpg,3,coffin_toast,0.995135486125946
img_00673.jpg,16,stinky_tofu,0.9960923790931702
img_00674.jpg,22,turnip_cake,0.6890953779220581
img_00675.jpg,6,grilled_taiwanese_sausage,0.990858256816864
img_00676.jpg,22,turnip_cake,0.9978951215744019
img_00677.jpg,2,bubble_tea,0.9930098056793213
img_00678.jpg,5,egg_pancake_roll,0.9708731174468994
img_00679.jpg,23,xiaolongbao,0.9879799485206604
img_00680.jpg,23,xiaolongbao,0.9885699152946472
img_00681.jpg,13,potsticker,0.9865394234657288
img_00682.jpg,1,braised_pork_over_rice,0.3288756310939789
img_00683.jpg,24,yolk_pastry,0.9895402789115906
img_00684.jpg,13,potsticker,0.9910956621170044
img_00685.jpg,21,turkey_rice,0.9845041036605835
img_00686.jpg,17,sweet_potato_ball,0.9934583306312561
img_00687.jpg,12,pineapple_cake,0.9921211004257202
img_00688.jpg,3,coffin_toast,0.9943023920059204
img_00689.jpg,5,egg_pancake_roll,0.8905482888221741
img_00690.jpg,23,xiaolongbao,0.9931145310401917
img_00691.jpg,23,xiaolongbao,0.9882972836494446
img_00692.jpg,4,deep-fried_chicken_cutlets,0.9945723414421082
img_00693.jpg,15,scallion_pancake,0.39190784096717834
img_00694.jpg,8,mango_shaved_ice,0.9025975465774536
img_00695.jpg,8,mango_shaved_ice,0.9982393980026245
img_00696.jpg,11,papaya_milk,0.9944737553596497
img_00697.jpg,22,turnip_cake,0.9814011454582214
img_00698.jpg,23,xiaolongbao,0.987329363822937
img_00699.jpg,3,coffin_toast,0.9932295083999634
img_00700.jpg,17,sweet_potato_ball,0.9944869875907898
img_00701.jpg,4,deep-fried_chicken_cutlets,0.9946691393852234
img_00702.jpg,18,tanghulu,0.9977061748504639
img_00703.jpg,2,bubble_tea,0.9957206845283508
img_00704.jpg,15,scallion_pancake,0.9969204664230347
img_00705.jpg,6,grilled_taiwanese_sausage,0.9819769859313965
img_00706.jpg,3,coffin_toast,0.9907947182655334
img_00707.jpg,8,mango_shaved_ice,0.9841563105583191
img_00708.jpg,7,iron_egg,0.9963048696517944
img_00709.jpg,0,beef_noodles,0.9971721768379211
img_00710.jpg,24,yolk_pastry,0.9909379482269287
img_00711.jpg,13,potsticker,0.9799427390098572
img_00712.jpg,17,sweet_potato_ball,0.9919479489326477
img_00713.jpg,0,beef_noodles,0.9962005019187927
img_00714.jpg,6,grilled_taiwanese_sausage,0.9911138415336609
img_00715.jpg,0,beef_noodles,0.9905241131782532
img_00716.jpg,24,yolk_pastry,0.9784756898880005
img_00717.jpg,1,braised_pork_over_rice,0.9907485842704773
img_00718.jpg,16,stinky_tofu,0.9981332421302795
img_00719.jpg,5,egg_pancake_roll,0.9794601202011108
img_00720.jpg,4,deep-fried_chicken_cutlets,0.9963085055351257
img_00721.jpg,8,mango_shaved_ice,0.9977005124092102
img_00722.jpg,5,egg_pancake_roll,0.7532452344894409
img_00723.jpg,23,xiaolongbao,0.9898844957351685
img_00724.jpg,5,egg_pancake_roll,0.9930225014686584
img_00725.jpg,15,scallion_pancake,0.9959976673126221
img_00726.jpg,12,pineapple_cake,0.9962223768234253
img_00727.jpg,5,egg_pancake_roll,0.990209698677063
img_00728.jpg,10,oyster_omelet,0.9955466985702515
img_00729.jpg,23,xiaolongbao,0.9915306568145752
img_00730.jpg,10,oyster_omelet,0.9935816526412964
img_00731.jpg,6,grilled_taiwanese_sausage,0.9985222220420837
img_00732.jpg,23,xiaolongbao,0.9932954907417297
img_00733.jpg,12,pineapple_cake,0.9961613416671753
img_00734.jpg,1,braised_pork_over_rice,0.9832877516746521
img_00735.jpg,23,xiaolongbao,0.991183876991272
img_00736.jpg,4,deep-fried_chicken_cutlets,0.9978272318840027
img_00737.jpg,0,beef_noodles,0.9951706528663635
img_00738.jpg,4,deep-fried_chicken_cutlets,0.9975925087928772
img_00739.jpg,17,sweet_potato_ball,0.9910231828689575
img_00740.jpg,19,taro_ball,0.9953036308288574
img_00741.jpg,4,deep-fried_chicken_cutlets,0.9686530232429504
img_00742.jpg,13,potsticker,0.9940404295921326
img_00743.jpg,21,turkey_rice,0.9811559915542603
img_00744.jpg,20,three-cup_chicken,0.994789719581604
img_00745.jpg,20,three-cup_chicken,0.9935001730918884
img_00746.jpg,6,grilled_taiwanese_sausage,0.996726393699646
img_00747.jpg,16,stinky_tofu,0.9984948635101318
img_00748.jpg,22,turnip_cake,0.9970759153366089
img_00749.jpg,10,oyster_omelet,0.9951832890510559
img_00750.jpg,6,grilled_taiwanese_sausage,0.9914548397064209
img_00751.jpg,7,iron_egg,0.993945300579071
img_00752.jpg,20,three-cup_chicken,0.9969486594200134
img_00753.jpg,14,rice_dumpling,0.9913141131401062
img_00754.jpg,19,taro_ball,0.995448887348175
img_00755.jpg,9,mochi,0.9478280544281006
img_00756.jpg,13,potsticker,0.9725618958473206
img_00757.jpg,3,coffin_toast,0.993170976638794
img_00758.jpg,10,oyster_omelet,0.9949073195457458
img_00759.jpg,14,rice_dumpling,0.9959927201271057
img_00760.jpg,15,scallion_pancake,0.9952839016914368
img_00761.jpg,22,turnip_cake,0.9965670108795166
img_00762.jpg,16,stinky_tofu,0.9995431900024414
img_00763.jpg,20,three-cup_chicken,0.9554016590118408
img_00764.jpg,1,braised_pork_over_rice,0.9703727960586548
img_00765.jpg,1,braised_pork_over_rice,0.9822776317596436
img_00766.jpg,10,oyster_omelet,0.9968354105949402
img_00767.jpg,23,xiaolongbao,0.988556444644928
img_00768.jpg,20,three-cup_chicken,0.9218071103096008
img_00769.jpg,15,scallion_pancake,0.9939560294151306
img_00770.jpg,19,taro_ball,0.9913511276245117
img_00771.jpg,15,scallion_pancake,0.9912726283073425
img_00772.jpg,16,stinky_tofu,0.9888997077941895
img_00773.jpg,10,oyster_omelet,0.9950186014175415
img_00774.jpg,11,papaya_milk,0.9952789545059204
img_00775.jpg,7,iron_egg,0.9968369007110596
img_00776.jpg,8,mango_shaved_ice,0.9960071444511414
img_00777.jpg,5,egg_pancake_roll,0.9883226752281189
img_00778.jpg,18,tanghulu,0.9979520440101624
img_00779.jpg,21,turkey_rice,0.986433744430542
img_00780.jpg,10,oyster_omelet,0.9942619800567627
img_00781.jpg,16,stinky_tofu,0.9998025298118591
img_00782.jpg,22,turnip_cake,0.9822390079498291
img_00783.jpg,9,mochi,0.9934697151184082
img_00784.jpg,16,stinky_tofu,0.818744957447052
img_00785.jpg,13,potsticker,0.9904730916023254
img_00786.jpg,4,deep-fried_chicken_cutlets,0.9980502128601074
img_00787.jpg,11,papaya_milk,0.9925504922866821
img_00788.jpg,16,stinky_tofu,0.8828861117362976
img_00789.jpg,17,sweet_potato_ball,0.9911608695983887
img_00790.jpg,11,papaya_milk,0.9981561303138733
img_00791.jpg,5,egg_pancake_roll,0.9099854230880737
img_00792.jpg,8,mango_shaved_ice,0.9970110654830933
img_00793.jpg,5,egg_pancake_roll,0.5818234086036682
img_00794.jpg,15,scallion_pancake,0.9946545362472534
img_00795.jpg,13,potsticker,0.9840527772903442
img_00796.jpg,12,pineapple_cake,0.9874043464660645
img_00797.jpg,22,turnip_cake,0.9935251474380493
img_00798.jpg,1,braised_pork_over_rice,0.9859262704849243
img_00799.jpg,16,stinky_tofu,0.9963154196739197
img_00800.jpg,3,coffin_toast,0.9909453392028809
img_00801.jpg,1,braised_pork_over_rice,0.986523449420929
img_00802.jpg,21,turkey_rice,0.9690715670585632
img_00803.jpg,0,beef_noodles,0.9960787892341614
img_00804.jpg,4,deep-fried_chicken_cutlets,0.9986096620559692
img_00805.jpg,12,pineapple_cake,0.9895265102386475
img_00806.jpg,0,beef_noodles,0.9968721270561218
img_00807.jpg,2,bubble_tea,0.9949443936347961
img_00808.jpg,24,yolk_pastry,0.984927773475647
img_00809.jpg,0,beef_noodles,0.9972829818725586
img_00810.jpg,21,turkey_rice,0.9828281402587891
img_00811.jpg,9,mochi,0.9906999468803406
img_00812.jpg,4,deep-fried_chicken_cutlets,0.9970692992210388
img_00813.jpg,23,xiaolongbao,0.9928552508354187
img_00814.jpg,5,egg_pancake_roll,0.986135721206665
img_00815.jpg,19,taro_ball,0.9831387996673584
img_00816.jpg,22,turnip_cake,0.9708042740821838
img_00817.jpg,21,turkey_rice,0.9882203340530396
img_00818.jpg,15,scallion_pancake,0.987204909324646
img_00819.jpg,22,turnip_cake,0.9953649044036865
img_00820.jpg,15,scallion_pancake,0.9950254559516907
img_00821.jpg,11,papaya_milk,0.9889963865280151
img_00822.jpg,20,three-cup_chicken,0.9965289235115051
img_00823.jpg,7,iron_egg,0.9955253005027771
img_00824.jpg,13,potsticker,0.9760514497756958
img_00825.jpg,17,sweet_potato_ball,0.9961185455322266
img_00826.jpg,16,stinky_tofu,0.9990973472595215
img_00827.jpg,11,papaya_milk,0.9976094961166382
img_00828.jpg,15,scallion_pancake,0.9644655585289001
img_00829.jpg,7,iron_egg,0.9949459433555603
img_00830.jpg,14,rice_dumpling,0.9982175230979919
img_00831.jpg,9,mochi,0.9879702925682068
img_00832.jpg,19,taro_ball,0.997675359249115
img_00833.jpg,14,rice_dumpling,0.9605821371078491
img_00834.jpg,7,iron_egg,0.9955108165740967
img_00835.jpg,12,pineapple_cake,0.9866594076156616
img_00836.jpg,21,turkey_rice,0.9841567873954773
img_00837.jpg,21,turkey_rice,0.989940345287323
img_00838.jpg,0,beef_noodles,0.9850878119468689
img_00839.jpg,14,rice_dumpling,0.991853654384613
img_00840.jpg,21,turkey_rice,0.9898359179496765
img_00841.jpg,21,turkey_rice,0.9884164929389954
img_00842.jpg,12,pineapple_cake,0.9931589961051941
img_00843.jpg,3,coffin_toast,0.9916713237762451
img_00844.jpg,4,deep-fried_chicken_cutlets,0.9975103139877319
img_00845.jpg,19,taro_ball,0.9978171586990356
img_00846.jpg,18,tanghulu,0.9953020811080933
img_00847.jpg,15,scallion_pancake,0.9949138164520264
img_00848.jpg,8,mango_shaved_ice,0.9967965483665466
img_00849.jpg,24,yolk_pastry,0.9871804118156433
img_00850.jpg,14,rice_dumpling,0.9948617815971375
img_00851.jpg,10,oyster_omelet,0.997642457485199
img_00852.jpg,23,xiaolongbao,0.9920098781585693
img_00853.jpg,3,coffin_toast,0.9921991229057312
img_00854.jpg,16,stinky_tofu,0.998418927192688
img_00855.jpg,21,turkey_rice,0.987165629863739
img_00856.jpg,21,turkey_rice,0.9834977388381958
img_00857.jpg,21,turkey_rice,0.7940127849578857
img_00858.jpg,14,rice_dumpling,0.9975997805595398
img_00859.jpg,9,mochi,0.9929478168487549
img_00860.jpg,10,oyster_omelet,0.9944084286689758
img_00861.jpg,24,yolk_pastry,0.9950414299964905
img_00862.jpg,2,bubble_tea,0.9963111281394958
img_00863.jpg,19,taro_ball,0.9968523383140564
img_00864.jpg,8,mango_shaved_ice,0.9977018237113953
img_00865.jpg,10,oyster_omelet,0.9985005855560303
img_00866.jpg,19,taro_ball,0.7590368390083313
img_00867.jpg,23,xiaolongbao,0.9911934733390808
img_00868.jpg,20,three-cup_chicken,0.9982775449752808
img_00869.jpg,20,three-cup_chicken,0.9974598288536072
img_00870.jpg,11,papaya_milk,0.9944220185279846
img_00871.jpg,23,xiaolongbao,0.9900628924369812
img_00872.jpg,24,yolk_pastry,0.9929900169372559
img_00873.jpg,0,beef_noodles,0.9946337938308716
img_00874.jpg,14,rice_dumpling,0.9980273842811584
img_00875.jpg,19,taro_ball,0.9965487122535706
img_00876.jpg,21,turkey_rice,0.8476715683937073
img_00877.jpg,2,bubble_tea,0.9913100004196167
img_00878.jpg,15,scallion_pancake,0.7994804978370667
img_00879.jpg,1,braised_pork_over_rice,0.9795660376548767
img_00880.jpg,21,turkey_rice,0.9864553213119507
img_00881.jpg,4,deep-fried_chicken_cutlets,0.9970049262046814
img_00882.jpg,5,egg_pancake_roll,0.9614273905754089
img_00883.jpg,16,stinky_tofu,0.9976676106452942
img_00884.jpg,5,egg_pancake_roll,0.9792788028717041
img_00885.jpg,3,coffin_toast,0.9928111433982849
img_00886.jpg,9,mochi,0.9943448305130005
img_00887.jpg,5,egg_pancake_roll,0.9929278492927551
img_00888.jpg,5,egg_pancake_roll,0.956104040145874
img_00889.jpg,4,deep-fried_chicken_cutlets,0.7053284049034119
img_00890.jpg,22,turnip_cake,0.9980049729347229
img_00891.jpg,6,grilled_taiwanese_sausage,0.9909040331840515
img_00892.jpg,13,potsticker,0.8724888563156128
img_00893.jpg,21,turkey_rice,0.9933292865753174
img_00894.jpg,5,egg_pancake_roll,0.9816158413887024
img_00895.jpg,12,pineapple_cake,0.9938420057296753
img_00896.jpg,4,deep-fried_chicken_cutlets,0.8181412816047668
img_00897.jpg,24,yolk_pastry,0.9950878024101257
img_00898.jpg,21,turkey_rice,0.9740696549415588
img_00899.jpg,23,xiaolongbao,0.9941417574882507
img_00900.jpg,2,bubble_tea,0.995788037776947
img_00901.jpg,8,mango_shaved_ice,0.9957112073898315
img_00902.jpg,10,oyster_omelet,0.9916632175445557
img_00903.jpg,10,oyster_omelet,0.9893618226051331
img_00904.jpg,9,mochi,0.9968963861465454
img_00905.jpg,5,egg_pancake_roll,0.9902843832969666
img_00906.jpg,10,oyster_omelet,0.9912791848182678
img_00907.jpg,8,mango_shaved_ice,0.9942135214805603
img_00908.jpg,15,scallion_pancake,0.993579626083374
img_00909.jpg,13,potsticker,0.9773479700088501
img_00910.jpg,7,iron_egg,0.9883490800857544
img_00911.jpg,1,braised_pork_over_rice,0.9695687294006348
img_00912.jpg,5,egg_pancake_roll,0.9967926144599915
img_00913.jpg,13,potsticker,0.981052041053772
img_00914.jpg,14,rice_dumpling,0.9953430891036987
img_00915.jpg,10,oyster_omelet,0.9941800832748413
img_00916.jpg,14,rice_dumpling,0.9973395466804504
img_00917.jpg,11,papaya_milk,0.992218017578125
img_00918.jpg,2,bubble_tea,0.9941896200180054
img_00919.jpg,18,tanghulu,0.9959696531295776
img_00920.jpg,13,potsticker,0.9798583984375
img_00921.jpg,8,mango_shaved_ice,0.9944362640380859
img_00922.jpg,9,mochi,0.9948188662528992
img_00923.jpg,1,braised_pork_over_rice,0.9890138506889343
img_00924.jpg,20,three-cup_chicken,0.9933672547340393
img_00925.jpg,14,rice_dumpling,0.9982871413230896
img_00926.jpg,3,coffin_toast,0.9884212017059326
img_00927.jpg,2,bubble_tea,0.9931443929672241
img_00928.jpg,0,beef_noodles,0.9960915446281433
img_00929.jpg,17,sweet_potato_ball,0.9949067234992981
img_00930.jpg,20,three-cup_chicken,0.99397212266922
img_00931.jpg,3,coffin_toast,0.9920644164085388
img_00932.jpg,23,xiaolongbao,0.9908751249313354
img_00933.jpg,17,sweet_potato_ball,0.9958683252334595
img_00934.jpg,10,oyster_omelet,0.9946370720863342
img_00935.jpg,6,grilled_taiwanese_sausage,0.9950397610664368
img_00936.jpg,0,beef_noodles,0.9959463477134705
img_00937.jpg,2,bubble_tea,0.9948703050613403
img_00938.jpg,0,beef_noodles,0.9952752590179443
img_00939.jpg,17,sweet_potato_ball,0.9897286891937256
img_00940.jpg,7,iron_egg,0.9963812232017517
img_00941.jpg,23,xiaolongbao,0.9934468865394592
img_00942.jpg,13,potsticker,0.9828489422798157
img_00943.jpg,6,grilled_taiwanese_sausage,0.9936374425888062
img_00944.jpg,8,mango_shaved_ice,0.9967760443687439
img_00945.jpg,5,egg_pancake_roll,0.967025101184845
img_00946.jpg,24,yolk_pastry,0.9833095669746399
img_00947.jpg,11,papaya_milk,0.9951910972595215
img_00948.jpg,8,mango_shaved_ice,0.9973371624946594
img_00949.jpg,16,stinky_tofu,0.9959607720375061
img_00950.jpg,14,rice_dumpling,0.9953565001487732
img_00951.jpg,5,egg_pancake_roll,0.5540765523910522
img_00952.jpg,21,turkey_rice,0.9841782450675964
img_00953.jpg,0,beef_noodles,0.9954555034637451
img_00954.jpg,16,stinky_tofu,0.9877043962478638
img_00955.jpg,18,tanghulu,0.9971268773078918
img_00956.jpg,4,deep-fried_chicken_cutlets,0.9952162504196167
img_00957.jpg,18,tanghulu,0.9985219836235046
img_00958.jpg,23,xiaolongbao,0.9928624033927917
img_00959.jpg,8,mango_shaved_ice,0.9958544969558716
img_00960.jpg,0,beef_noodles,0.996915340423584
img_00961.jpg,23,xiaolongbao,0.9899073839187622
img_00962.jpg,5,egg_pancake_roll,0.8832758069038391
img_00963.jpg,20,three-cup_chicken,0.9981372356414795
img_00964.jpg,23,xiaolongbao,0.9913644790649414
img_00965.jpg,11,papaya_milk,0.9978435039520264
img_00966.jpg,5,egg_pancake_roll,0.9944103360176086
img_00967.jpg,19,taro_ball,0.9977648258209229
img_00968.jpg,0,beef_noodles,0.9960451722145081
img_00969.jpg,21,turkey_rice,0.984399676322937
img_00970.jpg,11,papaya_milk,0.9912734627723694
img_00971.jpg,4,deep-fried_chicken_cutlets,0.9958655834197998
img_00972.jpg,20,three-cup_chicken,0.9908543825149536
img_00973.jpg,7,iron_egg,0.9938393235206604
img_00974.jpg,11,papaya_milk,0.9798721671104431
img_00975.jpg,14,rice_dumpling,0.9966590404510498
img_00976.jpg,0,beef_noodles,0.9902251362800598
img_00977.jpg,9,mochi,0.985882043838501
img_00978.jpg,16,stinky_tofu,0.9083639979362488
img_00979.jpg,0,beef_noodles,0.9971582889556885
img_00980.jpg,10,oyster_omelet,0.9950979351997375
img_00981.jpg,0,beef_noodles,0.9965813755989075
img_00982.jpg,21,turkey_rice,0.9911264777183533
img_00983.jpg,12,pineapple_cake,0.989920973777771
img_00984.jpg,8,mango_shaved_ice,0.9975359439849854
img_00985.jpg,15,scallion_pancake,0.9881414175033569
img_00986.jpg,10,oyster_omelet,0.9955986738204956
img_00987.jpg,4,deep-fried_chicken_cutlets,0.997473418712616
img_00988.jpg,16,stinky_tofu,0.9971143007278442
img_00989.jpg,12,pineapple_cake,0.9889960289001465
img_00990.jpg,16,stinky_tofu,0.9986704587936401
img_00991.jpg,14,rice_dumpling,0.9968624114990234
img_00992.jpg,23,xiaolongbao,0.992976725101471
img_00993.jpg,1,braised_pork_over_rice,0.9878675937652588
img_00994.jpg,20,three-cup_chicken,0.9957868456840515
img_00995.jpg,3,coffin_toast,0.9951592087745667
img_00996.jpg,23,xiaolongbao,0.9960209727287292
img_00997.jpg,23,xiaolongbao,0.9943504929542542
img_00998.jpg,19,taro_ball,0.9990988969802856
img_00999.jpg,1,braised_pork_over_rice,0.8910357356071472
img_01000.jpg,9,mochi,0.9863558411598206
img_01001.jpg,6,grilled_taiwanese_sausage,0.9938058853149414
img_01002.jpg,13,potsticker,0.9691542983055115
img_01003.jpg,12,pineapple_cake,0.9957577586174011
img_01004.jpg,13,potsticker,0.9845330119132996
img_01005.jpg,6,grilled_taiwanese_sausage,0.9882991313934326
img_01006.jpg,19,taro_ball,0.994938850402832
img_01007.jpg,10,oyster_omelet,0.987743616104126
img_01008.jpg,22,turnip_cake,0.9988491535186768
img_01009.jpg,0,beef_noodles,0.9960130453109741
img_01010.jpg,23,xiaolongbao,0.9684330821037292
img_01011.jpg,12,pineapple_cake,0.9941962957382202
img_01012.jpg,3,coffin_toast,0.991793692111969
img_01013.jpg,4,deep-fried_chicken_cutlets,0.9960163235664368
img_01014.jpg,1,braised_pork_over_rice,0.8218433260917664
img_01015.jpg,14,rice_dumpling,0.9981904625892639
img_01016.jpg,4,deep-fried_chicken_cutlets,0.9962867498397827
img_01017.jpg,17,sweet_potato_ball,0.9896062016487122
img_01018.jpg,0,beef_noodles,0.9907071590423584
img_01019.jpg,18,tanghulu,0.9936827421188354
img_01020.jpg,4,deep-fried_chicken_cutlets,0.9248883724212646
img_01021.jpg,6,grilled_taiwanese_sausage,0.9924618601799011
img_01022.jpg,5,egg_pancake_roll,0.9798756837844849
img_01023.jpg,17,sweet_potato_ball,0.980332612991333
img_01024.jpg,23,xiaolongbao,0.9799690842628479
img_01025.jpg,2,bubble_tea,0.9946164488792419
img_01026.jpg,8,mango_shaved_ice,0.9986288547515869
img_01027.jpg,21,turkey_rice,0.9378954172134399
img_01028.jpg,10,oyster_omelet,0.9982312321662903
img_01029.jpg,10,oyster_omelet,0.9930712580680847
img_01030.jpg,18,tanghulu,0.8912284970283508
img_01031.jpg,11,papaya_milk,0.9953774213790894
img_01032.jpg,22,turnip_cake,0.9951308965682983
img_01033.jpg,12,pineapple_cake,0.9918175339698792
img_01034.jpg,10,oyster_omelet,0.9959473013877869
img_01035.jpg,8,mango_shaved_ice,0.9958701729774475
img_01036.jpg,24,yolk_pastry,0.993778645992279
img_01037.jpg,2,bubble_tea,0.9955019354820251
img_01038.jpg,10,oyster_omelet,0.9952505826950073
img_01039.jpg,2,bubble_tea,0.9960806965827942
img_01040.jpg,23,xiaolongbao,0.9941390752792358
img_01041.jpg,15,scallion_pancake,0.9924113750457764
img_01042.jpg,3,coffin_toast,0.996501088142395
img_01043.jpg,9,mochi,0.9915140867233276
img_01044.jpg,7,iron_egg,0.9978961944580078
img_01045.jpg,22,turnip_cake,0.9957717061042786
img_01046.jpg,2,bubble_tea,0.9951135516166687
img_01047.jpg,7,iron_egg,0.9938218593597412
img_01048.jpg,15,scallion_pancake,0.9941011071205139
img_01049.jpg,24,yolk_pastry,0.9949690699577332
img_01050.jpg,21,turkey_rice,0.9902597069740295
img_01051.jpg,14,rice_dumpling,0.9988773465156555
img_01052.jpg,12,pineapple_cake,0.9910125136375427
img_01053.jpg,4,deep-fried_chicken_cutlets,0.9961419701576233
img_01054.jpg,1,braised_pork_over_rice,0.967272162437439
img_01055.jpg,7,iron_egg,0.9964801669120789
img_01056.jpg,7,iron_egg,0.9964609742164612
img_01057.jpg,7,iron_egg,0.9951795339584351
img_01058.jpg,21,turkey_rice,0.9867839813232422
img_01059.jpg,16,stinky_tofu,0.9841548204421997
img_01060.jpg,4,deep-fried_chicken_cutlets,0.996703565120697
img_01061.jpg,21,turkey_rice,0.9883058667182922
img_01062.jpg,11,papaya_milk,0.989976704120636
img_01063.jpg,7,iron_egg,0.9975478053092957
img_01064.jpg,15,scallion_pancake,0.9934365749359131
img_01065.jpg,7,iron_egg,0.9886511564254761
img_01066.jpg,0,beef_noodles,0.9906630516052246
img_01067.jpg,7,iron_egg,0.9961420893669128
img_01068.jpg,4,deep-fried_chicken_cutlets,0.9641978144645691
img_01069.jpg,11,papaya_milk,0.8902244567871094
img_01070.jpg,8,mango_shaved_ice,0.9970281720161438
img_01071.jpg,0,beef_noodles,0.9989578723907471
img_01072.jpg,3,coffin_toast,0.9941914677619934
img_01073.jpg,11,papaya_milk,0.9836883544921875
img_01074.jpg,7,iron_egg,0.9933698177337646
img_01075.jpg,5,egg_pancake_roll,0.979076623916626
img_01076.jpg,21,turkey_rice,0.9863753914833069
img_01077.jpg,23,xiaolongbao,0.9949507713317871
img_01078.jpg,18,tanghulu,0.9914684295654297
img_01079.jpg,22,turnip_cake,0.9981281161308289
img_01080.jpg,24,yolk_pastry,0.9916568994522095
img_01081.jpg,9,mochi,0.9975566864013672
img_01082.jpg,9,mochi,0.9959425330162048
img_01083.jpg,21,turkey_rice,0.9818792939186096
img_01084.jpg,20,three-cup_chicken,0.9920440912246704
img_01085.jpg,5,egg_pancake_roll,0.9876073002815247
img_01086.jpg,3,coffin_toast,0.9921078085899353
img_01087.jpg,4,deep-fried_chicken_cutlets,0.9982008934020996
img_01088.jpg,8,mango_shaved_ice,0.9973354935646057
img_01089.jpg,22,turnip_cake,0.9876954555511475
img_01090.jpg,9,mochi,0.9977259039878845
img_01091.jpg,17,sweet_potato_ball,0.9934177398681641
img_01092.jpg,7,iron_egg,0.997407853603363
img_01093.jpg,15,scallion_pancake,0.991786777973175
img_01094.jpg,21,turkey_rice,0.9831460118293762
img_01095.jpg,22,turnip_cake,0.9955845475196838
img_01096.jpg,12,pineapple_cake,0.9889935851097107
img_01097.jpg,3,coffin_toast,0.988820493221283
img_01098.jpg,3,coffin_toast,0.9826383590698242
img_01099.jpg,4,deep-fried_chicken_cutlets,0.9971831440925598
img_01100.jpg,9,mochi,0.995976984500885
img_01101.jpg,4,deep-fried_chicken_cutlets,0.6816118955612183
img_01102.jpg,13,potsticker,0.967673659324646
img_01103.jpg,10,oyster_omelet,0.9952704310417175
img_01104.jpg,2,bubble_tea,0.9947682619094849
img_01105.jpg,9,mochi,0.9879207611083984
img_01106.jpg,17,sweet_potato_ball,0.9900184869766235
img_01107.jpg,10,oyster_omelet,0.9927598237991333
img_01108.jpg,12,pineapple_cake,0.9918604493141174
img_01109.jpg,17,sweet_potato_ball,0.9648218750953674
img_01110.jpg,16,stinky_tofu,0.9936832189559937
img_01111.jpg,9,mochi,0.9805662631988525
img_01112.jpg,14,rice_dumpling,0.9463855028152466
img_01113.jpg,4,deep-fried_chicken_cutlets,0.9927738904953003
img_01114.jpg,21,turkey_rice,0.9909844398498535
img_01115.jpg,14,rice_dumpling,0.9900237917900085
img_01116.jpg,11,papaya_milk,0.995328426361084
img_01117.jpg,4,deep-fried_chicken_cutlets,0.9966170191764832
img_01118.jpg,0,beef_noodles,0.994709849357605
img_01119.jpg,23,xiaolongbao,0.9644039273262024
img_01120.jpg,14,rice_dumpling,0.9921237826347351
img_01121.jpg,17,sweet_potato_ball,0.986920952796936
img_01122.jpg,15,scallion_pancake,0.9918545484542847
img_01123.jpg,14,rice_dumpling,0.984091579914093
img_01124.jpg,19,taro_ball,0.9975839853286743
img_01125.jpg,6,grilled_taiwanese_sausage,0.9833469390869141
img_01126.jpg,6,grilled_taiwanese_sausage,0.9955577254295349
img_01127.jpg,8,mango_shaved_ice,0.9969421029090881
img_01128.jpg,10,oyster_omelet,0.9891263842582703
img_01129.jpg,11,papaya_milk,0.9929210543632507
img_01130.jpg,16,stinky_tofu,0.9988372921943665
img_01131.jpg,10,oyster_omelet,0.9954956769943237
img_01132.jpg,15,scallion_pancake,0.9967181086540222
img_01133.jpg,2,bubble_tea,0.9940168857574463
img_01134.jpg,16,stinky_tofu,0.9989076852798462
img_01135.jpg,13,potsticker,0.9868559241294861
img_01136.jpg,6,grilled_taiwanese_sausage,0.9921360015869141
img_01137.jpg,6,grilled_taiwanese_sausage,0.9963492155075073
img_01138.jpg,0,beef_noodles,0.9949952363967896
img_01139.jpg,9,mochi,0.9949184060096741
img_01140.jpg,7,iron_egg,0.9958742260932922
img_01141.jpg,10,oyster_omelet,0.9940318465232849
img_01142.jpg,21,turkey_rice,0.9473792910575867
img_01143.jpg,9,mochi,0.9936103224754333
img_01144.jpg,9,mochi,0.977364718914032
img_01145.jpg,0,beef_noodles,0.9982771873474121
img_01146.jpg,14,rice_dumpling,0.9976363182067871
img_01147.jpg,2,bubble_tea,0.9945002794265747
img_01148.jpg,22,turnip_cake,0.996656060218811
img_01149.jpg,3,coffin_toast,0.9952436089515686
img_01150.jpg,19,taro_ball,0.9975546002388
img_01151.jpg,13,potsticker,0.993989109992981
img_01152.jpg,18,tanghulu,0.9956604838371277
img_01153.jpg,12,pineapple_cake,0.992201566696167
img_01154.jpg,13,potsticker,0.966965913772583
img_01155.jpg,7,iron_egg,0.9944820404052734
img_01156.jpg,2,bubble_tea,0.9950870871543884
img_01157.jpg,5,egg_pancake_roll,0.9743562340736389
img_01158.jpg,14,rice_dumpling,0.9939219951629639
img_01159.jpg,16,stinky_tofu,0.9974799752235413
img_01160.jpg,18,tanghulu,0.9969391822814941
img_01161.jpg,11,papaya_milk,0.9883468747138977
img_01162.jpg,0,beef_noodles,0.9942525029182434
img_01163.jpg,10,oyster_omelet,0.9968945980072021
img_01164.jpg,23,xiaolongbao,0.9935500621795654
img_01165.jpg,21,turkey_rice,0.9792338609695435
img_01166.jpg,19,taro_ball,0.9406178593635559
img_01167.jpg,0,beef_noodles,0.46557679772377014
img_01168.jpg,0,beef_noodles,0.992438018321991
img_01169.jpg,4,deep-fried_chicken_cutlets,0.9920710921287537
img_01170.jpg,8,mango_shaved_ice,0.9962454438209534
img_01171.jpg,14,rice_dumpling,0.9980161190032959
img_01172.jpg,0,beef_noodles,0.9966565370559692
img_01173.jpg,17,sweet_potato_ball,0.9830142259597778
img_01174.jpg,23,xiaolongbao,0.9930508136749268
img_01175.jpg,13,potsticker,0.9780370593070984
img_01176.jpg,12,pineapple_cake,0.9901254177093506
img_01177.jpg,16,stinky_tofu,0.9984866380691528
img_01178.jpg,0,beef_noodles,0.9956443309783936
img_01179.jpg,4,deep-fried_chicken_cutlets,0.9924382567405701
img_01180.jpg,3,coffin_toast,0.9975641965866089
img_01181.jpg,16,stinky_tofu,0.9905250668525696
img_01182.jpg,16,stinky_tofu,0.9974908828735352
img_01183.jpg,23,xiaolongbao,0.9926478862762451
img_01184.jpg,5,egg_pancake_roll,0.9738451838493347
img_01185.jpg,17,sweet_potato_ball,0.9839950799942017
img_01186.jpg,15,scallion_pancake,0.9369769096374512
img_01187.jpg,14,rice_dumpling,0.9972904920578003
img_01188.jpg,16,stinky_tofu,0.999047577381134
img_01189.jpg,16,stinky_tofu,0.9956153631210327
img_01190.jpg,18,tanghulu,0.9978162050247192
img_01191.jpg,5,egg_pancake_roll,0.9524272680282593
img_01192.jpg,15,scallion_pancake,0.9927846193313599
img_01193.jpg,20,three-cup_chicken,0.9971534013748169
img_01194.jpg,10,oyster_omelet,0.9972368478775024
img_01195.jpg,4,deep-fried_chicken_cutlets,0.9966223239898682
img_01196.jpg,13,potsticker,0.9853917956352234
img_01197.jpg,14,rice_dumpling,0.9949988126754761
img_01198.jpg,16,stinky_tofu,0.9974685907363892
img_01199.jpg,18,tanghulu,0.9968308806419373
img_01200.jpg,10,oyster_omelet,0.9926296472549438
img_01201.jpg,0,beef_noodles,0.9949171543121338
img_01202.jpg,2,bubble_tea,0.9987358450889587
img_01203.jpg,15,scallion_pancake,0.8297027945518494
img_01204.jpg,0,beef_noodles,0.9921051263809204
img_01205.jpg,0,beef_noodles,0.9926344752311707
img_01206.jpg,20,three-cup_chicken,0.9939841628074646
img_01207.jpg,16,stinky_tofu,0.9961137771606445
img_01208.jpg,14,rice_dumpling,0.9968377351760864
img_01209.jpg,23,xiaolongbao,0.9893617033958435
img_01210.jpg,21,turkey_rice,0.9909607768058777
img_01211.jpg,19,taro_ball,0.99644935131073
img_01212.jpg,3,coffin_toast,0.9913421273231506
img_01213.jpg,4,deep-fried_chicken_cutlets,0.9971699118614197
img_01214.jpg,6,grilled_taiwanese_sausage,0.9968411922454834
img_01215.jpg,24,yolk_pastry,0.9909383058547974
img_01216.jpg,6,grilled_taiwanese_sausage,0.9956877827644348
img_01217.jpg,22,turnip_cake,0.9975958466529846
img_01218.jpg,9,mochi,0.906520426273346
img_01219.jpg,10,oyster_omelet,0.8145281672477722
img_01220.jpg,9,mochi,0.9843671917915344
img_01221.jpg,20,three-cup_chicken,0.9955160021781921
img_01222.jpg,24,yolk_pastry,0.9825734496116638
img_01223.jpg,10,oyster_omelet,0.9972267746925354
img_01224.jpg,10,oyster_omelet,0.9963908791542053
img_01225.jpg,24,yolk_pastry,0.9945300221443176
img_01226.jpg,4,deep-fried_chicken_cutlets,0.9969103932380676
img_01227.jpg,7,iron_egg,0.9964959025382996
img_01228.jpg,2,bubble_tea,0.9877270460128784
img_01229.jpg,0,beef_noodles,0.9746327996253967
img_01230.jpg,14,rice_dumpling,0.992110550403595
img_01231.jpg,23,xiaolongbao,0.9906588792800903
img_01232.jpg,2,bubble_tea,0.992702841758728
img_01233.jpg,5,egg_pancake_roll,0.9600028991699219
img_01234.jpg,5,egg_pancake_roll,0.9913641214370728
img_01235.jpg,14,rice_dumpling,0.991058349609375
img_01236.jpg,16,stinky_tofu,0.9973425269126892
img_01237.jpg,0,beef_noodles,0.9929664134979248
img_01238.jpg,3,coffin_toast,0.9894383549690247
img_01239.jpg,13,potsticker,0.9952003955841064
img_01240.jpg,11,papaya_milk,0.993026852607727
img_01241.jpg,23,xiaolongbao,0.991071343421936
img_01242.jpg,8,mango_shaved_ice,0.9818331003189087
img_01243.jpg,16,stinky_tofu,0.9964989423751831
img_01244.jpg,14,rice_dumpling,0.9953075051307678
img_01245.jpg,2,bubble_tea,0.9969833493232727
img_01246.jpg,22,turnip_cake,0.995366096496582
img_01247.jpg,18,tanghulu,0.9963890314102173
img_01248.jpg,18,tanghulu,0.9979647397994995
img_01249.jpg,24,yolk_pastry,0.994419515132904
img_01250.jpg,14,rice_dumpling,0.9939331412315369
img_01251.jpg,17,sweet_potato_ball,0.9958088397979736
img_01252.jpg,11,papaya_milk,0.995882511138916
img_01253.jpg,11,papaya_milk,0.9967742562294006
img_01254.jpg,0,beef_noodles,0.997502863407135
img_01255.jpg,18,tanghulu,0.9967041611671448
img_01256.jpg,2,bubble_tea,0.9939432740211487
img_01257.jpg,16,stinky_tofu,0.9577671885490417
img_01258.jpg,4,deep-fried_chicken_cutlets,0.9965135455131531
img_01259.jpg,1,braised_pork_over_rice,0.9872769713401794
img_01260.jpg,19,taro_ball,0.9961532950401306
img_01261.jpg,16,stinky_tofu,0.996728777885437
img_01262.jpg,17,sweet_potato_ball,0.9944753050804138
img_01263.jpg,14,rice_dumpling,0.9929639101028442
img_01264.jpg,7,iron_egg,0.9931949377059937
img_01265.jpg,23,xiaolongbao,0.96475750207901
img_01266.jpg,19,taro_ball,0.9686837792396545
img_01267.jpg,18,tanghulu,0.9964621663093567
img_01268.jpg,0,beef_noodles,0.9966202974319458
img_01269.jpg,21,turkey_rice,0.992089033126831
img_01270.jpg,21,turkey_rice,0.8824701905250549
img_01271.jpg,4,deep-fried_chicken_cutlets,0.9905174374580383
img_01272.jpg,20,three-cup_chicken,0.9953521490097046
img_01273.jpg,14,rice_dumpling,0.996812641620636
img_01274.jpg,3,coffin_toast,0.9959612488746643
img_01275.jpg,7,iron_egg,0.9951469302177429
img_01276.jpg,9,mochi,0.9868277311325073
img_01277.jpg,17,sweet_potato_ball,0.9935566782951355
img_01278.jpg,0,beef_noodles,0.9964216947555542
img_01279.jpg,4,deep-fried_chicken_cutlets,0.9961424469947815
img_01280.jpg,21,turkey_rice,0.9846389889717102
img_01281.jpg,0,beef_noodles,0.9953435063362122
img_01282.jpg,20,three-cup_chicken,0.9981185793876648
img_01283.jpg,14,rice_dumpling,0.995596706867218
img_01284.jpg,22,turnip_cake,0.9902904629707336
img_01285.jpg,11,papaya_milk,0.9925026893615723
img_01286.jpg,6,grilled_taiwanese_sausage,0.9968750476837158
img_01287.jpg,0,beef_noodles,0.9956212639808655
img_01288.jpg,23,xiaolongbao,0.9250578880310059
img_01289.jpg,4,deep-fried_chicken_cutlets,0.9964744448661804
img_01290.jpg,5,egg_pancake_roll,0.9830545783042908
img_01291.jpg,2,bubble_tea,0.9939544796943665
img_01292.jpg,6,grilled_taiwanese_sausage,0.9924391508102417
img_01293.jpg,7,iron_egg,0.9907355904579163
img_01294.jpg,13,potsticker,0.9944745898246765
img_01295.jpg,23,xiaolongbao,0.9931126236915588
img_01296.jpg,2,bubble_tea,0.9962701797485352
img_01297.jpg,0,beef_noodles,0.9734945893287659
img_01298.jpg,0,beef_noodles,0.9973317384719849
img_01299.jpg,13,potsticker,0.9859278202056885
img_01300.jpg,13,potsticker,0.9640306234359741
img_01301.jpg,23,xiaolongbao,0.9936879277229309
img_01302.jpg,7,iron_egg,0.9973242282867432
img_01303.jpg,10,oyster_omelet,0.9972963929176331
img_01304.jpg,4,deep-fried_chicken_cutlets,0.9948601722717285
img_01305.jpg,23,xiaolongbao,0.9903432130813599
img_01306.jpg,14,rice_dumpling,0.9978832602500916
img_01307.jpg,3,coffin_toast,0.9913803935050964
img_01308.jpg,9,mochi,0.9948480129241943
img_01309.jpg,13,potsticker,0.9763131737709045
img_01310.jpg,17,sweet_potato_ball,0.9961375594139099
img_01311.jpg,10,oyster_omelet,0.9929134249687195
img_01312.jpg,22,turnip_cake,0.9962062835693359
img_01313.jpg,23,xiaolongbao,0.9955974221229553
img_01314.jpg,16,stinky_tofu,0.9950054287910461
img_01315.jpg,1,braised_pork_over_rice,0.9940162897109985
img_01316.jpg,15,scallion_pancake,0.994381844997406
img_01317.jpg,9,mochi,0.9838924407958984
img_01318.jpg,0,beef_noodles,0.9766085147857666
img_01319.jpg,22,turnip_cake,0.9931582808494568
img_01320.jpg,12,pineapple_cake,0.9885365962982178
img_01321.jpg,13,potsticker,0.8769038915634155
img_01322.jpg,11,papaya_milk,0.5620685815811157
img_01323.jpg,13,potsticker,0.9915374517440796
img_01324.jpg,4,deep-fried_chicken_cutlets,0.9943655729293823
img_01325.jpg,16,stinky_tofu,0.9973434805870056
img_01326.jpg,17,sweet_potato_ball,0.9900542497634888
img_01327.jpg,23,xiaolongbao,0.9951249957084656
img_01328.jpg,22,turnip_cake,0.9910929799079895
img_01329.jpg,16,stinky_tofu,0.9969137907028198
img_01330.jpg,16,stinky_tofu,0.995089590549469
img_01331.jpg,14,rice_dumpling,0.9946203231811523
img_01332.jpg,1,braised_pork_over_rice,0.9631762504577637
img_01333.jpg,12,pineapple_cake,0.994010329246521
img_01334.jpg,24,yolk_pastry,0.9913853406906128
img_01335.jpg,3,coffin_toast,0.9892773628234863
img_01336.jpg,23,xiaolongbao,0.9939728379249573
img_01337.jpg,3,coffin_toast,0.9880346655845642
img_01338.jpg,13,potsticker,0.9892516732215881
img_01339.jpg,7,iron_egg,0.9936397671699524
img_01340.jpg,16,stinky_tofu,0.9950100183486938
img_01341.jpg,15,scallion_pancake,0.9718267321586609
img_01342.jpg,19,taro_ball,0.9979878664016724
img_01343.jpg,4,deep-fried_chicken_cutlets,0.9821373820304871
img_01344.jpg,8,mango_shaved_ice,0.9973101615905762
img_01345.jpg,17,sweet_potato_ball,0.9835395812988281
img_01346.jpg,3,coffin_toast,0.9894717335700989
img_01347.jpg,6,grilled_taiwanese_sausage,0.9921603798866272
img_01348.jpg,22,turnip_cake,0.9958422780036926
img_01349.jpg,24,yolk_pastry,0.9948970675468445
img_01350.jpg,0,beef_noodles,0.99391770362854
img_01351.jpg,6,grilled_taiwanese_sausage,0.9780026078224182
img_01352.jpg,22,turnip_cake,0.9970746040344238
img_01353.jpg,10,oyster_omelet,0.996492326259613
img_01354.jpg,20,three-cup_chicken,0.9987756609916687
img_01355.jpg,3,coffin_toast,0.9915953278541565
img_01356.jpg,24,yolk_pastry,0.9924312829971313
img_01357.jpg,5,egg_pancake_roll,0.9844463467597961
img_01358.jpg,14,rice_dumpling,0.9976317882537842
img_01359.jpg,9,mochi,0.9933358430862427
img_01360.jpg,21,turkey_rice,0.9855931401252747
img_01361.jpg,5,egg_pancake_roll,0.7131581902503967
img_01362.jpg,4,deep-fried_chicken_cutlets,0.9962149262428284
img_01363.jpg,15,scallion_pancake,0.9958904981613159
img_01364.jpg,18,tanghulu,0.9588155150413513
img_01365.jpg,19,taro_ball,0.996034562587738
img_01366.jpg,9,mochi,0.9976251721382141
img_01367.jpg,7,iron_egg,0.9947054982185364
img_01368.jpg,19,taro_ball,0.9984147548675537
img_01369.jpg,21,turkey_rice,0.9856635332107544
img_01370.jpg,23,xiaolongbao,0.9941601753234863
img_01371.jpg,21,turkey_rice,0.9365203976631165
img_01372.jpg,15,scallion_pancake,0.993653416633606
img_01373.jpg,3,coffin_toast,0.9946934580802917
img_01374.jpg,23,xiaolongbao,0.9892081618309021
img_01375.jpg,2,bubble_tea,0.9953590035438538
img_01376.jpg,17,sweet_potato_ball,0.9968612194061279
img_01377.jpg,1,braised_pork_over_rice,0.9936875700950623
img_01378.jpg,22,turnip_cake,0.9959865212440491
img_01379.jpg,2,bubble_tea,0.9949094653129578
img_01380.jpg,7,iron_egg,0.9946823716163635
img_01381.jpg,10,oyster_omelet,0.9961251616477966
img_01382.jpg,9,mochi,0.9956449270248413
img_01383.jpg,10,oyster_omelet,0.9955145716667175
img_01384.jpg,12,pineapple_cake,0.9976512789726257
img_01385.jpg,24,yolk_pastry,0.9871734380722046
img_01386.jpg,15,scallion_pancake,0.9982519745826721
img_01387.jpg,18,tanghulu,0.995101273059845
img_01388.jpg,20,three-cup_chicken,0.994280219078064
img_01389.jpg,3,coffin_toast,0.9930760860443115
img_01390.jpg,16,stinky_tofu,0.9956619143486023
img_01391.jpg,21,turkey_rice,0.9872363209724426
img_01392.jpg,11,papaya_milk,0.9937041401863098
img_01393.jpg,16,stinky_tofu,0.99903404712677
img_01394.jpg,5,egg_pancake_roll,0.7145076394081116
img_01395.jpg,17,sweet_potato_ball,0.9964364767074585
img_01396.jpg,23,xiaolongbao,0.9952365756034851
img_01397.jpg,0,beef_noodles,0.9975155591964722
img_01398.jpg,15,scallion_pancake,0.9913729429244995
img_01399.jpg,8,mango_shaved_ice,0.9968218803405762
img_01400.jpg,11,papaya_milk,0.9811597466468811
img_01401.jpg,6,grilled_taiwanese_sausage,0.9897225499153137
img_01402.jpg,1,braised_pork_over_rice,0.8376116752624512
img_01403.jpg,13,potsticker,0.9916070699691772
img_01404.jpg,24,yolk_pastry,0.9932460784912109
img_01405.jpg,6,grilled_taiwanese_sausage,0.9967861175537109
img_01406.jpg,18,tanghulu,0.9983025789260864
img_01407.jpg,6,grilled_taiwanese_sausage,0.9954385161399841
img_01408.jpg,21,turkey_rice,0.9878003597259521
img_01409.jpg,11,papaya_milk,0.9928802847862244
img_01410.jpg,1,braised_pork_over_rice,0.8463236093521118
img_01411.jpg,4,deep-fried_chicken_cutlets,0.9966657757759094
img_01412.jpg,22,turnip_cake,0.9973717927932739
img_01413.jpg,16,stinky_tofu,0.9978067278862
img_01414.jpg,19,taro_ball,0.9980216026306152
img_01415.jpg,12,pineapple_cake,0.9900876879692078
img_01416.jpg,8,mango_shaved_ice,0.9936969876289368
img_01417.jpg,8,mango_shaved_ice,0.9975589513778687
img_01418.jpg,18,tanghulu,0.9926522374153137
img_01419.jpg,23,xiaolongbao,0.9898792505264282
img_01420.jpg,19,taro_ball,0.9491682052612305
img_01421.jpg,4,deep-fried_chicken_cutlets,0.9976824522018433
img_01422.jpg,10,oyster_omelet,0.994830310344696
img_01423.jpg,19,taro_ball,0.9963604807853699
img_01424.jpg,18,tanghulu,0.9967911839485168
img_01425.jpg,17,sweet_potato_ball,0.9968534111976624
img_01426.jpg,19,taro_ball,0.9968994855880737
img_01427.jpg,3,coffin_toast,0.972129762172699
img_01428.jpg,14,rice_dumpling,0.9905941486358643
img_01429.jpg,11,papaya_milk,0.9868775010108948
img_01430.jpg,7,iron_egg,0.9946498274803162
img_01431.jpg,19,taro_ball,0.9987485408782959
img_01432.jpg,20,three-cup_chicken,0.9949716329574585
img_01433.jpg,24,yolk_pastry,0.9902162551879883
img_01434.jpg,20,three-cup_chicken,0.9993605017662048
img_01435.jpg,16,stinky_tofu,0.9954043626785278
img_01436.jpg,23,xiaolongbao,0.9959768652915955
img_01437.jpg,4,deep-fried_chicken_cutlets,0.9177185893058777
img_01438.jpg,1,braised_pork_over_rice,0.9902403354644775
img_01439.jpg,11,papaya_milk,0.9973401427268982
img_01440.jpg,5,egg_pancake_roll,0.9934432506561279
img_01441.jpg,2,bubble_tea,0.9949660897254944
img_01442.jpg,23,xiaolongbao,0.9820850491523743
img_01443.jpg,10,oyster_omelet,0.9954901337623596
img_01444.jpg,23,xiaolongbao,0.990198016166687
img_01445.jpg,2,bubble_tea,0.9884146451950073
img_01446.jpg,0,beef_noodles,0.9941739439964294
img_01447.jpg,13,potsticker,0.9723712801933289
img_01448.jpg,11,papaya_milk,0.9958587288856506
img_01449.jpg,21,turkey_rice,0.9858282804489136
img_01450.jpg,13,potsticker,0.9934666752815247
img_01451.jpg,15,scallion_pancake,0.9970411658287048
img_01452.jpg,8,mango_shaved_ice,0.9945884943008423
img_01453.jpg,15,scallion_pancake,0.7546744346618652
img_01454.jpg,17,sweet_potato_ball,0.9948071837425232
img_01455.jpg,15,scallion_pancake,0.9921883344650269
img_01456.jpg,11,papaya_milk,0.993827760219574
img_01457.jpg,6,grilled_taiwanese_sausage,0.9922544956207275
img_01458.jpg,10,oyster_omelet,0.9916418790817261
img_01459.jpg,6,grilled_taiwanese_sausage,0.9925218224525452
img_01460.jpg,22,turnip_cake,0.9966403245925903
img_01461.jpg,2,bubble_tea,0.9969329833984375
img_01462.jpg,22,turnip_cake,0.9970598816871643
img_01463.jpg,23,xiaolongbao,0.9959271550178528
img_01464.jpg,23,xiaolongbao,0.9902324676513672
img_01465.jpg,3,coffin_toast,0.9902586936950684
img_01466.jpg,19,taro_ball,0.9962355494499207
img_01467.jpg,15,scallion_pancake,0.9941596984863281
img_01468.jpg,13,potsticker,0.9398130774497986
img_01469.jpg,9,mochi,0.9890370965003967
img_01470.jpg,9,mochi,0.9833405613899231
img_01471.jpg,1,braised_pork_over_rice,0.9924544095993042
img_01472.jpg,20,three-cup_chicken,0.9984763264656067
img_01473.jpg,23,xiaolongbao,0.9874271154403687
img_01474.jpg,1,braised_pork_over_rice,0.9910388588905334
img_01475.jpg,21,turkey_rice,0.985446572303772
img_01476.jpg,1,braised_pork_over_rice,0.9945823550224304
img_01477.jpg,8,mango_shaved_ice,0.993686854839325
img_01478.jpg,15,scallion_pancake,0.9925859570503235
img_01479.jpg,23,xiaolongbao,0.9895538091659546
img_01480.jpg,6,grilled_taiwanese_sausage,0.9957528114318848
img_01481.jpg,18,tanghulu,0.99715256690979
img_01482.jpg,24,yolk_pastry,0.9887391328811646
img_01483.jpg,19,taro_ball,0.997043788433075
img_01484.jpg,4,deep-fried_chicken_cutlets,0.995352029800415
img_01485.jpg,20,three-cup_chicken,0.9952545166015625
img_01486.jpg,12,pineapple_cake,0.9952735304832458
img_01487.jpg,23,xiaolongbao,0.9897554516792297
img_01488.jpg,8,mango_shaved_ice,0.9957667589187622
img_01489.jpg,14,rice_dumpling,0.998767614364624
img_01490.jpg,16,stinky_tofu,0.9984741806983948
img_01491.jpg,1,braised_pork_over_rice,0.9805132746696472
img_01492.jpg,7,iron_egg,0.9930880665779114
img_01493.jpg,10,oyster_omelet,0.9937730431556702
img_01494.jpg,21,turkey_rice,0.9802139401435852
img_01495.jpg,1,braised_pork_over_rice,0.9634330868721008
img_01496.jpg,17,sweet_potato_ball,0.992720365524292
img_01497.jpg,2,bubble_tea,0.993887722492218
img_01498.jpg,1,braised_pork_over_rice,0.9781050086021423
img_01499.jpg,21,turkey_rice,0.9916043877601624
img_01500.jpg,17,sweet_potato_ball,0.9910231828689575
img_01501.jpg,7,iron_egg,0.9867730736732483
img_01502.jpg,9,mochi,0.9863784313201904
img_01503.jpg,22,turnip_cake,0.9986146688461304
img_01504.jpg,6,grilled_taiwanese_sausage,0.9775805473327637
img_01505.jpg,3,coffin_toast,0.99679034948349
img_01506.jpg,21,turkey_rice,0.9821023941040039
img_01507.jpg,15,scallion_pancake,0.9972217082977295
img_01508.jpg,14,rice_dumpling,0.986876368522644
img_01509.jpg,6,grilled_taiwanese_sausage,0.9889766573905945
img_01510.jpg,22,turnip_cake,0.9888253808021545
img_01511.jpg,12,pineapple_cake,0.9371074438095093
img_01512.jpg,24,yolk_pastry,0.9935271739959717
img_01513.jpg,7,iron_egg,0.9930905699729919
img_01514.jpg,23,xiaolongbao,0.991141676902771
img_01515.jpg,24,yolk_pastry,0.9957491159439087
img_01516.jpg,23,xiaolongbao,0.9894548654556274
img_01517.jpg,4,deep-fried_chicken_cutlets,0.99762362241745
img_01518.jpg,14,rice_dumpling,0.9493188858032227
img_01519.jpg,21,turkey_rice,0.9870303273200989
img_01520.jpg,6,grilled_taiwanese_sausage,0.9969749450683594
img_01521.jpg,5,egg_pancake_roll,0.9502478837966919
img_01522.jpg,11,papaya_milk,0.9915415644645691
img_01523.jpg,15,scallion_pancake,0.9941311478614807
img_01524.jpg,2,bubble_tea,0.988104522228241
img_01525.jpg,15,scallion_pancake,0.993428647518158
img_01526.jpg,9,mochi,0.9849570393562317
img_01527.jpg,10,oyster_omelet,0.9961208701133728
img_01528.jpg,23,xiaolongbao,0.9934618473052979
img_01529.jpg,3,coffin_toast,0.9937993884086609
img_01530.jpg,13,potsticker,0.9687548279762268
img_01531.jpg,21,turkey_rice,0.9829902648925781
img_01532.jpg,0,beef_noodles,0.9939876794815063
img_01533.jpg,23,xiaolongbao,0.9940028786659241
img_01534.jpg,0,beef_noodles,0.997503936290741
img_01535.jpg,16,stinky_tofu,0.9943205118179321
img_01536.jpg,12,pineapple_cake,0.3919302225112915
img_01537.jpg,23,xiaolongbao,0.987912118434906
img_01538.jpg,17,sweet_potato_ball,0.9688957333564758
img_01539.jpg,21,turkey_rice,0.9879085421562195
img_01540.jpg,0,beef_noodles,0.9962730407714844
img_01541.jpg,12,pineapple_cake,0.9919381737709045
img_01542.jpg,4,deep-fried_chicken_cutlets,0.9972424507141113
img_01543.jpg,17,sweet_potato_ball,0.9970914125442505
img_01544.jpg,21,turkey_rice,0.9689337611198425
img_01545.jpg,2,bubble_tea,0.9940067529678345
img_01546.jpg,9,mochi,0.9723277688026428
img_01547.jpg,16,stinky_tofu,0.9967194199562073
img_01548.jpg,0,beef_noodles,0.9982786178588867
img_01549.jpg,23,xiaolongbao,0.9908326268196106
img_01550.jpg,22,turnip_cake,0.9914137125015259
img_01551.jpg,12,pineapple_cake,0.9917037487030029
img_01552.jpg,10,oyster_omelet,0.9919954538345337
img_01553.jpg,17,sweet_potato_ball,0.9941073656082153
img_01554.jpg,2,bubble_tea,0.9980347752571106
img_01555.jpg,23,xiaolongbao,0.9895747303962708
img_01556.jpg,4,deep-fried_chicken_cutlets,0.9889619946479797
img_01557.jpg,21,turkey_rice,0.9755856990814209
img_01558.jpg,4,deep-fried_chicken_cutlets,0.9975885152816772
img_01559.jpg,15,scallion_pancake,0.972170889377594
img_01560.jpg,5,egg_pancake_roll,0.9886369109153748
img_01561.jpg,3,coffin_toast,0.9948522448539734
img_01562.jpg,19,taro_ball,0.998504638671875
img_01563.jpg,18,tanghulu,0.9976629018783569
img_01564.jpg,1,braised_pork_over_rice,0.9955862760543823
img_01565.jpg,5,egg_pancake_roll,0.9893649816513062
img_01566.jpg,12,pineapple_cake,0.9696030616760254
img_01567.jpg,22,turnip_cake,0.9976512789726257
img_01568.jpg,22,turnip_cake,0.9961996674537659
img_01569.jpg,9,mochi,0.9878742098808289
img_01570.jpg,13,potsticker,0.65607750415802
img_01571.jpg,6,grilled_taiwanese_sausage,0.9920326471328735
img_01572.jpg,18,tanghulu,0.9943773150444031
img_01573.jpg,24,yolk_pastry,0.9939587116241455
img_01574.jpg,22,turnip_cake,0.995782732963562
img_01575.jpg,7,iron_egg,0.9924312829971313
img_01576.jpg,0,beef_noodles,0.9944182634353638
img_01577.jpg,22,turnip_cake,0.9968480467796326
img_01578.jpg,23,xiaolongbao,0.9923243522644043
img_01579.jpg,23,xiaolongbao,0.993416428565979
img_01580.jpg,17,sweet_potato_ball,0.9966281056404114
img_01581.jpg,7,iron_egg,0.9957150816917419
img_01582.jpg,14,rice_dumpling,0.9929518103599548
img_01583.jpg,8,mango_shaved_ice,0.9951276779174805
img_01584.jpg,22,turnip_cake,0.9956222176551819
img_01585.jpg,5,egg_pancake_roll,0.9931638836860657
img_01586.jpg,8,mango_shaved_ice,0.9982485771179199
img_01587.jpg,22,turnip_cake,0.9969117045402527
img_01588.jpg,9,mochi,0.9911784529685974
img_01589.jpg,22,turnip_cake,0.9737480878829956
img_01590.jpg,12,pineapple_cake,0.9918631315231323
img_01591.jpg,3,coffin_toast,0.9806991219520569
img_01592.jpg,3,coffin_toast,0.9935478568077087
img_01593.jpg,14,rice_dumpling,0.9955765008926392
img_01594.jpg,1,braised_pork_over_rice,0.9815472364425659
img_01595.jpg,7,iron_egg,0.9939340949058533
img_01596.jpg,22,turnip_cake,0.9935380816459656
img_01597.jpg,9,mochi,0.7229120135307312
img_01598.jpg,4,deep-fried_chicken_cutlets,0.9962407350540161
img_01599.jpg,21,turkey_rice,0.9884842038154602
img_01600.jpg,19,taro_ball,0.9991170763969421
img_01601.jpg,22,turnip_cake,0.9762128591537476
img_01602.jpg,0,beef_noodles,0.990520715713501
img_01603.jpg,16,stinky_tofu,0.9977717995643616
img_01604.jpg,16,stinky_tofu,0.9958979487419128
img_01605.jpg,15,scallion_pancake,0.9919843077659607
img_01606.jpg,13,potsticker,0.9885300993919373
img_01607.jpg,6,grilled_taiwanese_sausage,0.9944657683372498
img_01608.jpg,21,turkey_rice,0.9850526452064514
img_01609.jpg,10,oyster_omelet,0.9923341274261475
img_01610.jpg,21,turkey_rice,0.99399733543396
img_01611.jpg,4,deep-fried_chicken_cutlets,0.9957018494606018
img_01612.jpg,3,coffin_toast,0.9949636459350586
img_01613.jpg,13,potsticker,0.9943885207176208
img_01614.jpg,2,bubble_tea,0.9949465394020081
img_01615.jpg,12,pineapple_cake,0.9930317401885986
img_01616.jpg,7,iron_egg,0.9931459426879883
img_01617.jpg,17,sweet_potato_ball,0.9923209547996521
img_01618.jpg,12,pineapple_cake,0.9963525533676147
img_01619.jpg,5,egg_pancake_roll,0.9902567863464355
img_01620.jpg,14,rice_dumpling,0.9947379231452942
img_01621.jpg,19,taro_ball,0.9975258708000183
img_01622.jpg,15,scallion_pancake,0.9931799173355103
img_01623.jpg,16,stinky_tofu,0.9949742555618286
img_01624.jpg,0,beef_noodles,0.9939961433410645
img_01625.jpg,12,pineapple_cake,0.992625892162323
img_01626.jpg,1,braised_pork_over_rice,0.9853434562683105
img_01627.jpg,8,mango_shaved_ice,0.9982585310935974
img_01628.jpg,24,yolk_pastry,0.9919911026954651
img_01629.jpg,14,rice_dumpling,0.9962223768234253
img_01630.jpg,4,deep-fried_chicken_cutlets,0.997552216053009
img_01631.jpg,21,turkey_rice,0.993094801902771
img_01632.jpg,19,taro_ball,0.9974929094314575
img_01633.jpg,13,potsticker,0.9906841516494751
img_01634.jpg,6,grilled_taiwanese_sausage,0.9959471821784973
img_01635.jpg,0,beef_noodles,0.9816556572914124
img_01636.jpg,6,grilled_taiwanese_sausage,0.9969082474708557
img_01637.jpg,23,xiaolongbao,0.9943079352378845
img_01638.jpg,1,braised_pork_over_rice,0.9853019118309021
img_01639.jpg,3,coffin_toast,0.9443731307983398
img_01640.jpg,21,turkey_rice,0.9832617044448853
img_01641.jpg,7,iron_egg,0.9904955625534058
img_01642.jpg,13,potsticker,0.9436663389205933
img_01643.jpg,9,mochi,0.9904404878616333
img_01644.jpg,1,braised_pork_over_rice,0.9836936593055725
img_01645.jpg,0,beef_noodles,0.9946696162223816
img_01646.jpg,10,oyster_omelet,0.9883673787117004
img_01647.jpg,9,mochi,0.9055079817771912
img_01648.jpg,10,oyster_omelet,0.9957844614982605
img_01649.jpg,7,iron_egg,0.989032506942749
img_01650.jpg,3,coffin_toast,0.9913979768753052
img_01651.jpg,8,mango_shaved_ice,0.9906269311904907
img_01652.jpg,0,beef_noodles,0.9931806325912476
img_01653.jpg,5,egg_pancake_roll,0.9896200299263
img_01654.jpg,4,deep-fried_chicken_cutlets,0.998891294002533
img_01655.jpg,7,iron_egg,0.9750323295593262
img_01656.jpg,22,turnip_cake,0.9945422410964966
img_01657.jpg,20,three-cup_chicken,0.9970077872276306
img_01658.jpg,4,deep-fried_chicken_cutlets,0.9955720901489258
img_01659.jpg,21,turkey_rice,0.9886278510093689
img_01660.jpg,15,scallion_pancake,0.9924457669258118
img_01661.jpg,16,stinky_tofu,0.9991558790206909
img_01662.jpg,14,rice_dumpling,0.968838095664978
img_01663.jpg,15,scallion_pancake,0.9930289387702942
img_01664.jpg,10,oyster_omelet,0.6927095055580139
img_01665.jpg,19,taro_ball,0.9933987855911255
img_01666.jpg,4,deep-fried_chicken_cutlets,0.9958288073539734
img_01667.jpg,7,iron_egg,0.9956197142601013
img_01668.jpg,15,scallion_pancake,0.9924147725105286
img_01669.jpg,23,xiaolongbao,0.9914023280143738
img_01670.jpg,16,stinky_tofu,0.9985724687576294
img_01671.jpg,2,bubble_tea,0.9893320798873901
img_01672.jpg,12,pineapple_cake,0.9944869875907898
img_01673.jpg,20,three-cup_chicken,0.9953446984291077
img_01674.jpg,19,taro_ball,0.99639493227005
img_01675.jpg,21,turkey_rice,0.9926727414131165
img_01676.jpg,7,iron_egg,0.9956564903259277
img_01677.jpg,12,pineapple_cake,0.9933338761329651
img_01678.jpg,10,oyster_omelet,0.9972304701805115
img_01679.jpg,24,yolk_pastry,0.9924895763397217
img_01680.jpg,13,potsticker,0.9838719367980957
img_01681.jpg,22,turnip_cake,0.9946566820144653
img_01682.jpg,24,yolk_pastry,0.9944597482681274
img_01683.jpg,15,scallion_pancake,0.9859632849693298
img_01684.jpg,13,potsticker,0.9890405535697937
img_01685.jpg,20,three-cup_chicken,0.9979867935180664
img_01686.jpg,2,bubble_tea,0.9976797699928284
img_01687.jpg,20,three-cup_chicken,0.9973365664482117
img_01688.jpg,23,xiaolongbao,0.9923396110534668
img_01689.jpg,22,turnip_cake,0.9927105903625488
img_01690.jpg,0,beef_noodles,0.9923297762870789
img_01691.jpg,17,sweet_potato_ball,0.9923607707023621
img_01692.jpg,8,mango_shaved_ice,0.9978476762771606
img_01693.jpg,19,taro_ball,0.9974393844604492
img_01694.jpg,13,potsticker,0.9803787469863892
img_01695.jpg,16,stinky_tofu,0.9994243383407593
img_01696.jpg,6,grilled_taiwanese_sausage,0.9980290532112122
img_01697.jpg,2,bubble_tea,0.9940126538276672
img_01698.jpg,19,taro_ball,0.6117678880691528
img_01699.jpg,24,yolk_pastry,0.9930176734924316
img_01700.jpg,3,coffin_toast,0.993161678314209
img_01701.jpg,17,sweet_potato_ball,0.9893279671669006
img_01702.jpg,11,papaya_milk,0.9921588897705078
img_01703.jpg,11,papaya_milk,0.994053304195404
img_01704.jpg,19,taro_ball,0.996562659740448
img_01705.jpg,22,turnip_cake,0.9966508746147156
img_01706.jpg,3,coffin_toast,0.9955541491508484
img_01707.jpg,23,xiaolongbao,0.9847415089607239
img_01708.jpg,8,mango_shaved_ice,0.9946689009666443
img_01709.jpg,21,turkey_rice,0.9929416179656982
img_01710.jpg,5,egg_pancake_roll,0.9904580116271973
img_01711.jpg,6,grilled_taiwanese_sausage,0.9973489046096802
img_01712.jpg,11,papaya_milk,0.9943093061447144
img_01713.jpg,21,turkey_rice,0.9910877346992493
img_01714.jpg,19,taro_ball,0.9921525120735168
img_01715.jpg,24,yolk_pastry,0.9905436635017395
img_01716.jpg,19,taro_ball,0.9969004392623901
img_01717.jpg,24,yolk_pastry,0.9929152727127075
img_01718.jpg,3,coffin_toast,0.9894425868988037
img_01719.jpg,5,egg_pancake_roll,0.9890707731246948
img_01720.jpg,12,pineapple_cake,0.98600172996521
img_01721.jpg,14,rice_dumpling,0.9963085055351257
img_01722.jpg,18,tanghulu,0.9988856911659241
img_01723.jpg,15,scallion_pancake,0.9913160800933838
img_01724.jpg,23,xiaolongbao,0.989645779132843
img_01725.jpg,1,braised_pork_over_rice,0.9855287671089172
img_01726.jpg,6,grilled_taiwanese_sausage,0.9941482543945312
img_01727.jpg,6,grilled_taiwanese_sausage,0.8645913004875183
img_01728.jpg,21,turkey_rice,0.9899952411651611
img_01729.jpg,8,mango_shaved_ice,0.9971677660942078
img_01730.jpg,10,oyster_omelet,0.9927319884300232
img_01731.jpg,3,coffin_toast,0.9958776235580444
img_01732.jpg,4,deep-fried_chicken_cutlets,0.9970706701278687
img_01733.jpg,15,scallion_pancake,0.9859381318092346
img_01734.jpg,8,mango_shaved_ice,0.9932746887207031
img_01735.jpg,23,xiaolongbao,0.9924657344818115
img_01736.jpg,14,rice_dumpling,0.9941999912261963
img_01737.jpg,8,mango_shaved_ice,0.99836665391922
img_01738.jpg,3,coffin_toast,0.9938222169876099
img_01739.jpg,21,turkey_rice,0.9843979477882385
img_01740.jpg,20,three-cup_chicken,0.9967218041419983
img_01741.jpg,20,three-cup_chicken,0.9970858693122864
img_01742.jpg,14,rice_dumpling,0.9918734431266785
img_01743.jpg,22,turnip_cake,0.9934948086738586
img_01744.jpg,21,turkey_rice,0.9799728989601135
img_01745.jpg,2,bubble_tea,0.9948528409004211
img_01746.jpg,18,tanghulu,0.9967978596687317
img_01747.jpg,6,grilled_taiwanese_sausage,0.9965941309928894
img_01748.jpg,21,turkey_rice,0.9839324951171875
img_01749.jpg,19,taro_ball,0.9979288578033447
img_01750.jpg,7,iron_egg,0.9975818395614624
img_01751.jpg,2,bubble_tea,0.9939663410186768
img_01752.jpg,18,tanghulu,0.9963738322257996
img_01753.jpg,14,rice_dumpling,0.9972403049468994
img_01754.jpg,16,stinky_tofu,0.9929547905921936
img_01755.jpg,8,mango_shaved_ice,0.9965936541557312
img_01756.jpg,22,turnip_cake,0.9971168041229248
img_01757.jpg,18,tanghulu,0.9954574108123779
img_01758.jpg,4,deep-fried_chicken_cutlets,0.9986489415168762
img_01759.jpg,12,pineapple_cake,0.9909374117851257
img_01760.jpg,4,deep-fried_chicken_cutlets,0.6771372556686401
img_01761.jpg,23,xiaolongbao,0.9904404878616333
img_01762.jpg,11,papaya_milk,0.9919604659080505
img_01763.jpg,10,oyster_omelet,0.9947475790977478
img_01764.jpg,12,pineapple_cake,0.992620587348938
img_01765.jpg,10,oyster_omelet,0.9957175850868225
img_01766.jpg,23,xiaolongbao,0.9947152733802795
img_01767.jpg,2,bubble_tea,0.9967241883277893
img_01768.jpg,1,braised_pork_over_rice,0.8245774507522583
img_01769.jpg,17,sweet_potato_ball,0.9879176020622253
img_01770.jpg,4,deep-fried_chicken_cutlets,0.9942054152488708
img_01771.jpg,7,iron_egg,0.9956932663917542
img_01772.jpg,15,scallion_pancake,0.994429886341095
img_01773.jpg,5,egg_pancake_roll,0.9934198260307312
img_01774.jpg,22,turnip_cake,0.997681736946106
img_01775.jpg,14,rice_dumpling,0.9974598288536072
img_01776.jpg,13,potsticker,0.9837284684181213
img_01777.jpg,18,tanghulu,0.9963778853416443
img_01778.jpg,14,rice_dumpling,0.9877572059631348
img_01779.jpg,8,mango_shaved_ice,0.9953925609588623
img_01780.jpg,22,turnip_cake,0.9931910634040833
img_01781.jpg,4,deep-fried_chicken_cutlets,0.9932944178581238
img_01782.jpg,12,pineapple_cake,0.9908109903335571
img_01783.jpg,17,sweet_potato_ball,0.9938727617263794
img_01784.jpg,4,deep-fried_chicken_cutlets,0.9913160800933838
img_01785.jpg,17,sweet_potato_ball,0.989453911781311
img_01786.jpg,18,tanghulu,0.9961463212966919
img_01787.jpg,17,sweet_potato_ball,0.996057391166687
img_01788.jpg,6,grilled_taiwanese_sausage,0.997671902179718
img_01789.jpg,11,papaya_milk,0.9980719089508057
img_01790.jpg,0,beef_noodles,0.996972918510437
img_01791.jpg,18,tanghulu,0.9938265681266785
img_01792.jpg,3,coffin_toast,0.9941841959953308
img_01793.jpg,0,beef_noodles,0.9937771558761597
img_01794.jpg,24,yolk_pastry,0.9819188117980957
img_01795.jpg,10,oyster_omelet,0.9944165945053101
img_01796.jpg,12,pineapple_cake,0.9905213117599487
img_01797.jpg,5,egg_pancake_roll,0.7147732973098755
img_01798.jpg,5,egg_pancake_roll,0.9906219840049744
img_01799.jpg,5,egg_pancake_roll,0.9690882563591003
img_01800.jpg,15,scallion_pancake,0.9962378740310669
img_01801.jpg,20,three-cup_chicken,0.9857762455940247
img_01802.jpg,2,bubble_tea,0.9937123656272888
img_01803.jpg,23,xiaolongbao,0.9940979480743408
img_01804.jpg,1,braised_pork_over_rice,0.9834239482879639
img_01805.jpg,13,potsticker,0.9846967458724976
img_01806.jpg,17,sweet_potato_ball,0.9913550019264221
img_01807.jpg,15,scallion_pancake,0.9902812242507935
img_01808.jpg,11,papaya_milk,0.995101809501648
img_01809.jpg,4,deep-fried_chicken_cutlets,0.9911742210388184
img_01810.jpg,14,rice_dumpling,0.992877185344696
img_01811.jpg,20,three-cup_chicken,0.9959266185760498
img_01812.jpg,10,oyster_omelet,0.9920626282691956
img_01813.jpg,17,sweet_potato_ball,0.9954414367675781
img_01814.jpg,15,scallion_pancake,0.9600732922554016
img_01815.jpg,21,turkey_rice,0.9869505763053894
img_01816.jpg,13,potsticker,0.9925582408905029
img_01817.jpg,23,xiaolongbao,0.9927272796630859
img_01818.jpg,14,rice_dumpling,0.9980058073997498
img_01819.jpg,21,turkey_rice,0.9849649667739868
img_01820.jpg,23,xiaolongbao,0.9927476048469543
img_01821.jpg,7,iron_egg,0.9965853691101074
img_01822.jpg,9,mochi,0.9977225661277771
img_01823.jpg,1,braised_pork_over_rice,0.9693934917449951
img_01824.jpg,13,potsticker,0.9878787398338318
img_01825.jpg,13,potsticker,0.921154260635376
img_01826.jpg,21,turkey_rice,0.9823335409164429
img_01827.jpg,7,iron_egg,0.991001546382904
img_01828.jpg,2,bubble_tea,0.9967865943908691
img_01829.jpg,23,xiaolongbao,0.9916855096817017
img_01830.jpg,16,stinky_tofu,0.9979244470596313
img_01831.jpg,24,yolk_pastry,0.9877879023551941
img_01832.jpg,15,scallion_pancake,0.9967823028564453
img_01833.jpg,0,beef_noodles,0.998117208480835
img_01834.jpg,10,oyster_omelet,0.9976859092712402
img_01835.jpg,7,iron_egg,0.9964377880096436
img_01836.jpg,6,grilled_taiwanese_sausage,0.997320830821991
img_01837.jpg,23,xiaolongbao,0.9961928129196167
img_01838.jpg,2,bubble_tea,0.9956111311912537
img_01839.jpg,18,tanghulu,0.9967869520187378
img_01840.jpg,21,turkey_rice,0.9391472935676575
img_01841.jpg,5,egg_pancake_roll,0.9302471876144409
img_01842.jpg,3,coffin_toast,0.9969004392623901
img_01843.jpg,23,xiaolongbao,0.9871916770935059
img_01844.jpg,5,egg_pancake_roll,0.9922864437103271
img_01845.jpg,4,deep-fried_chicken_cutlets,0.997641921043396
img_01846.jpg,8,mango_shaved_ice,0.9982672929763794
img_01847.jpg,21,turkey_rice,0.9801694750785828
img_01848.jpg,12,pineapple_cake,0.9902763366699219
img_01849.jpg,18,tanghulu,0.9968830347061157
img_01850.jpg,3,coffin_toast,0.9840797781944275
img_01851.jpg,14,rice_dumpling,0.9953747391700745
img_01852.jpg,10,oyster_omelet,0.9957864880561829
img_01853.jpg,12,pineapple_cake,0.9926706552505493
img_01854.jpg,6,grilled_taiwanese_sausage,0.9916185736656189
img_01855.jpg,16,stinky_tofu,0.9989810585975647
img_01856.jpg,6,grilled_taiwanese_sausage,0.9929711222648621
img_01857.jpg,21,turkey_rice,0.9745964407920837
img_01858.jpg,0,beef_noodles,0.9922695159912109
img_01859.jpg,18,tanghulu,0.9978238344192505
img_01860.jpg,18,tanghulu,0.9981587529182434
img_01861.jpg,23,xiaolongbao,0.9909703731536865
img_01862.jpg,19,taro_ball,0.9974170923233032
img_01863.jpg,12,pineapple_cake,0.9895731806755066
img_01864.jpg,3,coffin_toast,0.9863996505737305
img_01865.jpg,17,sweet_potato_ball,0.9902196526527405
img_01866.jpg,21,turkey_rice,0.9948068261146545
img_01867.jpg,18,tanghulu,0.9953039884567261
img_01868.jpg,14,rice_dumpling,0.9925916194915771
img_01869.jpg,19,taro_ball,0.9975958466529846
img_01870.jpg,16,stinky_tofu,0.9990155696868896
img_01871.jpg,10,oyster_omelet,0.9984980821609497
img_01872.jpg,7,iron_egg,0.9765276908874512
img_01873.jpg,8,mango_shaved_ice,0.9971910119056702
img_01874.jpg,15,scallion_pancake,0.9944250583648682
img_01875.jpg,22,turnip_cake,0.9908374547958374
img_01876.jpg,5,egg_pancake_roll,0.8718249201774597
img_01877.jpg,18,tanghulu,0.9907649755477905
img_01878.jpg,14,rice_dumpling,0.988943338394165
img_01879.jpg,4,deep-fried_chicken_cutlets,0.9929690957069397
img_01880.jpg,9,mochi,0.9885371923446655
img_01881.jpg,8,mango_shaved_ice,0.9976255297660828
img_01882.jpg,9,mochi,0.99578458070755
img_01883.jpg,2,bubble_tea,0.9911700487136841
img_01884.jpg,19,taro_ball,0.9985987544059753
img_01885.jpg,24,yolk_pastry,0.9956794381141663
img_01886.jpg,15,scallion_pancake,0.9937738180160522
img_01887.jpg,0,beef_noodles,0.9954187870025635
img_01888.jpg,13,potsticker,0.9789757132530212
img_01889.jpg,8,mango_shaved_ice,0.994163453578949
img_01890.jpg,7,iron_egg,0.9968050718307495
img_01891.jpg,12,pineapple_cake,0.9928283095359802
img_01892.jpg,17,sweet_potato_ball,0.9908169507980347
img_01893.jpg,16,stinky_tofu,0.9983571171760559
img_01894.jpg,6,grilled_taiwanese_sausage,0.3133416473865509
img_01895.jpg,14,rice_dumpling,0.9921861886978149
img_01896.jpg,10,oyster_omelet,0.9959801435470581
img_01897.jpg,17,sweet_potato_ball,0.991394579410553
img_01898.jpg,21,turkey_rice,0.9910634756088257
img_01899.jpg,13,potsticker,0.9939437508583069
img_01900.jpg,16,stinky_tofu,0.8126916289329529
img_01901.jpg,7,iron_egg,0.9947319030761719
img_01902.jpg,15,scallion_pancake,0.9965820908546448
img_01903.jpg,12,pineapple_cake,0.9893159866333008
img_01904.jpg,15,scallion_pancake,0.9858220219612122
img_01905.jpg,3,coffin_toast,0.9915345311164856
img_01906.jpg,16,stinky_tofu,0.9981908202171326
img_01907.jpg,24,yolk_pastry,0.9880319833755493
img_01908.jpg,12,pineapple_cake,0.9964303374290466
img_01909.jpg,21,turkey_rice,0.47895941138267517
img_01910.jpg,0,beef_noodles,0.9965752959251404
img_01911.jpg,14,rice_dumpling,0.9973383545875549
img_01912.jpg,5,egg_pancake_roll,0.9704641699790955
img_01913.jpg,24,yolk_pastry,0.9965104460716248
img_01914.jpg,23,xiaolongbao,0.9925324320793152
img_01915.jpg,19,taro_ball,0.9964150190353394
img_01916.jpg,20,three-cup_chicken,0.9979155659675598
img_01917.jpg,16,stinky_tofu,0.9950675964355469
img_01918.jpg,2,bubble_tea,0.9966927766799927
img_01919.jpg,17,sweet_potato_ball,0.9913395047187805
img_01920.jpg,18,tanghulu,0.9813008308410645
img_01921.jpg,20,three-cup_chicken,0.8282908201217651
img_01922.jpg,5,egg_pancake_roll,0.9897643327713013
img_01923.jpg,9,mochi,0.9951457381248474
img_01924.jpg,21,turkey_rice,0.9931568503379822
img_01925.jpg,16,stinky_tofu,0.9986188411712646
img_01926.jpg,17,sweet_potato_ball,0.9946168065071106
img_01927.jpg,15,scallion_pancake,0.8909220099449158
img_01928.jpg,8,mango_shaved_ice,0.9940616488456726
img_01929.jpg,22,turnip_cake,0.997226893901825
img_01930.jpg,16,stinky_tofu,0.972321093082428
img_01931.jpg,8,mango_shaved_ice,0.9981437921524048
img_01932.jpg,5,egg_pancake_roll,0.9821179509162903
img_01933.jpg,0,beef_noodles,0.9986374974250793
img_01934.jpg,14,rice_dumpling,0.99810791015625
img_01935.jpg,14,rice_dumpling,0.9982328414916992
img_01936.jpg,0,beef_noodles,0.9963480830192566
img_01937.jpg,13,potsticker,0.9883643388748169
img_01938.jpg,0,beef_noodles,0.9957526922225952
img_01939.jpg,22,turnip_cake,0.9958676099777222
img_01940.jpg,22,turnip_cake,0.9961036443710327
img_01941.jpg,24,yolk_pastry,0.992597222328186
img_01942.jpg,4,deep-fried_chicken_cutlets,0.9964514970779419
img_01943.jpg,4,deep-fried_chicken_cutlets,0.9947623610496521
img_01944.jpg,0,beef_noodles,0.991001307964325
img_01945.jpg,21,turkey_rice,0.9880438446998596
img_01946.jpg,15,scallion_pancake,0.9934605360031128
img_01947.jpg,16,stinky_tofu,0.8964857459068298
img_01948.jpg,17,sweet_potato_ball,0.9935634136199951
img_01949.jpg,19,taro_ball,0.9939295053482056
img_01950.jpg,0,beef_noodles,0.9956144094467163
img_01951.jpg,17,sweet_potato_ball,0.9955669045448303
img_01952.jpg,22,turnip_cake,0.99724280834198
img_01953.jpg,7,iron_egg,0.9931926131248474
img_01954.jpg,3,coffin_toast,0.9918067455291748
img_01955.jpg,11,papaya_milk,0.9955376386642456
img_01956.jpg,7,iron_egg,0.9945549964904785
img_01957.jpg,2,bubble_tea,0.9954355359077454
img_01958.jpg,6,grilled_taiwanese_sausage,0.9659559726715088
img_01959.jpg,11,papaya_milk,0.9949381351470947
img_01960.jpg,4,deep-fried_chicken_cutlets,0.9983875751495361
img_01961.jpg,10,oyster_omelet,0.9976486563682556
img_01962.jpg,14,rice_dumpling,0.9992388486862183
img_01963.jpg,24,yolk_pastry,0.9935153722763062
img_01964.jpg,23,xiaolongbao,0.9959579110145569
img_01965.jpg,23,xiaolongbao,0.9376329183578491
img_01966.jpg,18,tanghulu,0.9958525896072388
img_01967.jpg,8,mango_shaved_ice,0.9967066645622253
img_01968.jpg,17,sweet_potato_ball,0.9830697774887085
img_01969.jpg,5,egg_pancake_roll,0.9917823076248169
img_01970.jpg,6,grilled_taiwanese_sausage,0.9965619444847107
img_01971.jpg,2,bubble_tea,0.9957089424133301
img_01972.jpg,21,turkey_rice,0.9940754175186157
img_01973.jpg,1,braised_pork_over_rice,0.9921866655349731
img_01974.jpg,21,turkey_rice,0.9878150224685669
img_01975.jpg,0,beef_noodles,0.9978646636009216
img_01976.jpg,9,mochi,0.9963464140892029
img_01977.jpg,1,braised_pork_over_rice,0.9855945110321045
img_01978.jpg,1,braised_pork_over_rice,0.9866958856582642
img_01979.jpg,24,yolk_pastry,0.9829262495040894
img_01980.jpg,21,turkey_rice,0.9907864928245544
img_01981.jpg,14,rice_dumpling,0.9641923904418945
img_01982.jpg,13,potsticker,0.9915204644203186
img_01983.jpg,15,scallion_pancake,0.9924099445343018
img_01984.jpg,7,iron_egg,0.992546021938324
img_01985.jpg,8,mango_shaved_ice,0.9973438382148743
img_01986.jpg,5,egg_pancake_roll,0.9832994341850281
img_01987.jpg,0,beef_noodles,0.9977902173995972
img_01988.jpg,3,coffin_toast,0.9914159178733826
img_01989.jpg,5,egg_pancake_roll,0.9827969074249268
img_01990.jpg,21,turkey_rice,0.9880098700523376
img_01991.jpg,7,iron_egg,0.9981492757797241
img_01992.jpg,13,potsticker,0.9726964235305786
img_01993.jpg,0,beef_noodles,0.9875493049621582
img_01994.jpg,0,beef_noodles,0.9970270991325378
img_01995.jpg,23,xiaolongbao,0.9902016520500183
img_01996.jpg,17,sweet_potato_ball,0.9926409125328064
img_01997.jpg,5,egg_pancake_roll,0.7086499929428101
img_01998.jpg,12,pineapple_cake,0.9860833287239075
img_01999.jpg,0,beef_noodles,0.9686828851699829
img_02000.jpg,5,egg_pancake_roll,0.9071111083030701
img_02001.jpg,17,sweet_potato_ball,0.9882219433784485
img_02002.jpg,5,egg_pancake_roll,0.9849849939346313
img_02003.jpg,9,mochi,0.9961317777633667
img_02004.jpg,11,papaya_milk,0.9911850094795227
img_02005.jpg,23,xiaolongbao,0.9915761351585388
img_02006.jpg,15,scallion_pancake,0.9951007962226868
img_02007.jpg,11,papaya_milk,0.9971970319747925
img_02008.jpg,15,scallion_pancake,0.9901096820831299
img_02009.jpg,0,beef_noodles,0.9950451850891113
img_02010.jpg,23,xiaolongbao,0.9898008704185486
img_02011.jpg,4,deep-fried_chicken_cutlets,0.992138683795929
img_02012.jpg,5,egg_pancake_roll,0.8898817896842957
img_02013.jpg,12,pineapple_cake,0.9889883399009705
img_02014.jpg,0,beef_noodles,0.9983348250389099
img_02015.jpg,1,braised_pork_over_rice,0.9774459004402161
img_02016.jpg,23,xiaolongbao,0.9906880855560303
img_02017.jpg,0,beef_noodles,0.9897673726081848
img_02018.jpg,2,bubble_tea,0.9962477087974548
img_02019.jpg,6,grilled_taiwanese_sausage,0.9953144788742065
img_02020.jpg,23,xiaolongbao,0.9947133660316467
img_02021.jpg,18,tanghulu,0.9976683259010315
img_02022.jpg,11,papaya_milk,0.9860963225364685
img_02023.jpg,23,xiaolongbao,0.9838168621063232
img_02024.jpg,22,turnip_cake,0.9955761432647705
img_02025.jpg,0,beef_noodles,0.9922454953193665
img_02026.jpg,7,iron_egg,0.9981106519699097
img_02027.jpg,8,mango_shaved_ice,0.995023250579834
img_02028.jpg,15,scallion_pancake,0.8829101324081421
img_02029.jpg,21,turkey_rice,0.9895578026771545
img_02030.jpg,15,scallion_pancake,0.9963494539260864
img_02031.jpg,8,mango_shaved_ice,0.9976053237915039
img_02032.jpg,0,beef_noodles,0.9952988028526306
img_02033.jpg,18,tanghulu,0.9965301156044006
img_02034.jpg,24,yolk_pastry,0.9917318224906921
img_02035.jpg,21,turkey_rice,0.8563265204429626
img_02036.jpg,6,grilled_taiwanese_sausage,0.9973393082618713
img_02037.jpg,20,three-cup_chicken,0.996081531047821
img_02038.jpg,12,pineapple_cake,0.9961572289466858
img_02039.jpg,18,tanghulu,0.9976071119308472
img_02040.jpg,9,mochi,0.9980677962303162
img_02041.jpg,2,bubble_tea,0.9970552921295166
img_02042.jpg,21,turkey_rice,0.981596052646637
img_02043.jpg,24,yolk_pastry,0.9881207942962646
img_02044.jpg,7,iron_egg,0.9939163327217102
img_02045.jpg,1,braised_pork_over_rice,0.991172730922699
img_02046.jpg,1,braised_pork_over_rice,0.9773295521736145
img_02047.jpg,23,xiaolongbao,0.9869914650917053
img_02048.jpg,3,coffin_toast,0.9942368268966675
img_02049.jpg,9,mochi,0.9903910160064697
img_02050.jpg,10,oyster_omelet,0.9944349527359009
img_02051.jpg,23,xiaolongbao,0.9875010251998901
img_02052.jpg,5,egg_pancake_roll,0.9676761031150818
img_02053.jpg,23,xiaolongbao,0.8715499639511108
img_02054.jpg,10,oyster_omelet,0.9925105571746826
img_02055.jpg,5,egg_pancake_roll,0.9947186708450317
img_02056.jpg,13,potsticker,0.9896820187568665
img_02057.jpg,16,stinky_tofu,0.998645007610321
img_02058.jpg,7,iron_egg,0.994149923324585
img_02059.jpg,4,deep-fried_chicken_cutlets,0.9977890253067017
img_02060.jpg,3,coffin_toast,0.9917045831680298
img_02061.jpg,19,taro_ball,0.9974716901779175
img_02062.jpg,22,turnip_cake,0.9963945746421814
img_02063.jpg,11,papaya_milk,0.996231734752655
img_02064.jpg,14,rice_dumpling,0.9938439130783081
img_02065.jpg,3,coffin_toast,0.9808831810951233
img_02066.jpg,20,three-cup_chicken,0.998412013053894
img_02067.jpg,0,beef_noodles,0.9951817393302917
img_02068.jpg,8,mango_shaved_ice,0.9953736662864685
img_02069.jpg,6,grilled_taiwanese_sausage,0.9959536790847778
img_02070.jpg,7,iron_egg,0.994216799736023
img_02071.jpg,13,potsticker,0.9878025650978088
img_02072.jpg,6,grilled_taiwanese_sausage,0.9959902167320251
img_02073.jpg,20,three-cup_chicken,0.9955050945281982
img_02074.jpg,20,three-cup_chicken,0.9975541234016418
img_02075.jpg,14,rice_dumpling,0.9948655962944031
img_02076.jpg,23,xiaolongbao,0.9946304559707642
img_02077.jpg,7,iron_egg,0.9955142140388489
img_02078.jpg,11,papaya_milk,0.9958714842796326
img_02079.jpg,14,rice_dumpling,0.9943642616271973
img_02080.jpg,7,iron_egg,0.9956592321395874
img_02081.jpg,9,mochi,0.9818912148475647
img_02082.jpg,23,xiaolongbao,0.9924219250679016
img_02083.jpg,6,grilled_taiwanese_sausage,0.994272768497467
img_02084.jpg,6,grilled_taiwanese_sausage,0.9945370554924011
img_02085.jpg,16,stinky_tofu,0.9916075468063354
img_02086.jpg,22,turnip_cake,0.9962402582168579
img_02087.jpg,16,stinky_tofu,0.998740017414093
img_02088.jpg,12,pineapple_cake,0.9895731806755066
img_02089.jpg,17,sweet_potato_ball,0.9978197813034058
img_02090.jpg,11,papaya_milk,0.9941115975379944
img_02091.jpg,19,taro_ball,0.998554527759552
img_02092.jpg,4,deep-fried_chicken_cutlets,0.996911883354187
img_02093.jpg,20,three-cup_chicken,0.998412013053894
img_02094.jpg,6,grilled_taiwanese_sausage,0.9938655495643616
img_02095.jpg,7,iron_egg,0.9974365830421448
img_02096.jpg,4,deep-fried_chicken_cutlets,0.9976271986961365
img_02097.jpg,10,oyster_omelet,0.9973733425140381
img_02098.jpg,24,yolk_pastry,0.9931049942970276
img_02099.jpg,4,deep-fried_chicken_cutlets,0.9972074627876282
img_02100.jpg,13,potsticker,0.7805089354515076
img_02101.jpg,19,taro_ball,0.9977061748504639
img_02102.jpg,8,mango_shaved_ice,0.9970890879631042
img_02103.jpg,5,egg_pancake_roll,0.9719826579093933
img_02104.jpg,21,turkey_rice,0.9727590680122375
img_02105.jpg,20,three-cup_chicken,0.9947405457496643
img_02106.jpg,23,xiaolongbao,0.9935930371284485
img_02107.jpg,14,rice_dumpling,0.9919667840003967
img_02108.jpg,16,stinky_tofu,0.9988034963607788
img_02109.jpg,12,pineapple_cake,0.9920749664306641
img_02110.jpg,12,pineapple_cake,0.9907304644584656
img_02111.jpg,4,deep-fried_chicken_cutlets,0.9973742961883545
img_02112.jpg,21,turkey_rice,0.9848631024360657
img_02113.jpg,23,xiaolongbao,0.992771565914154
img_02114.jpg,22,turnip_cake,0.9981693029403687
img_02115.jpg,20,three-cup_chicken,0.9979273080825806
img_02116.jpg,15,scallion_pancake,0.9861341118812561
img_02117.jpg,8,mango_shaved_ice,0.9980103373527527
img_02118.jpg,14,rice_dumpling,0.9954236149787903
img_02119.jpg,16,stinky_tofu,0.9993855953216553
img_02120.jpg,3,coffin_toast,0.990397572517395
img_02121.jpg,6,grilled_taiwanese_sausage,0.997001588344574
img_02122.jpg,13,potsticker,0.9893689751625061
img_02123.jpg,14,rice_dumpling,0.9982579350471497
img_02124.jpg,14,rice_dumpling,0.9916442036628723
img_02125.jpg,3,coffin_toast,0.9932591915130615
img_02126.jpg,8,mango_shaved_ice,0.8774372339248657
img_02127.jpg,14,rice_dumpling,0.9874909520149231
img_02128.jpg,3,coffin_toast,0.9918704032897949
img_02129.jpg,18,tanghulu,0.9964168071746826
img_02130.jpg,8,mango_shaved_ice,0.9950037598609924
img_02131.jpg,21,turkey_rice,0.9887107014656067
img_02132.jpg,23,xiaolongbao,0.9959238767623901
img_02133.jpg,7,iron_egg,0.9872153997421265
img_02134.jpg,0,beef_noodles,0.9986856579780579
img_02135.jpg,24,yolk_pastry,0.9853410124778748
img_02136.jpg,9,mochi,0.9903112649917603
img_02137.jpg,12,pineapple_cake,0.9936919212341309
img_02138.jpg,24,yolk_pastry,0.993748664855957
img_02139.jpg,5,egg_pancake_roll,0.9594584703445435
img_02140.jpg,6,grilled_taiwanese_sausage,0.9861828088760376
img_02141.jpg,8,mango_shaved_ice,0.9975747466087341
img_02142.jpg,4,deep-fried_chicken_cutlets,0.9953514337539673
img_02143.jpg,21,turkey_rice,0.9923403263092041
img_02144.jpg,17,sweet_potato_ball,0.9886198043823242
img_02145.jpg,24,yolk_pastry,0.988863468170166
img_02146.jpg,21,turkey_rice,0.9828654527664185
img_02147.jpg,6,grilled_taiwanese_sausage,0.9939978122711182
img_02148.jpg,6,grilled_taiwanese_sausage,0.9967227578163147
img_02149.jpg,11,papaya_milk,0.982541024684906
img_02150.jpg,6,grilled_taiwanese_sausage,0.9947171807289124
img_02151.jpg,18,tanghulu,0.9976798892021179
img_02152.jpg,23,xiaolongbao,0.9950973391532898
img_02153.jpg,1,braised_pork_over_rice,0.9823455214500427
img_02154.jpg,18,tanghulu,0.995662271976471
img_02155.jpg,4,deep-fried_chicken_cutlets,0.9975736737251282
img_02156.jpg,22,turnip_cake,0.9973567724227905
img_02157.jpg,24,yolk_pastry,0.9808140397071838
img_02158.jpg,14,rice_dumpling,0.9973766803741455
img_02159.jpg,5,egg_pancake_roll,0.9892531037330627
img_02160.jpg,13,potsticker,0.9949694275856018
img_02161.jpg,24,yolk_pastry,0.9789673686027527
img_02162.jpg,0,beef_noodles,0.9951735138893127
img_02163.jpg,2,bubble_tea,0.9954973459243774
img_02164.jpg,24,yolk_pastry,0.9928212761878967
img_02165.jpg,4,deep-fried_chicken_cutlets,0.9979702830314636
img_02166.jpg,14,rice_dumpling,0.9928463101387024
img_02167.jpg,18,tanghulu,0.9977632761001587
img_02168.jpg,8,mango_shaved_ice,0.9982665777206421
img_02169.jpg,0,beef_noodles,0.9978862404823303
img_02170.jpg,2,bubble_tea,0.9950574636459351
img_02171.jpg,20,three-cup_chicken,0.9967272281646729
img_02172.jpg,5,egg_pancake_roll,0.9880645871162415
img_02173.jpg,3,coffin_toast,0.9928942322731018
img_02174.jpg,18,tanghulu,0.994166374206543
img_02175.jpg,9,mochi,0.9955984354019165
img_02176.jpg,21,turkey_rice,0.984186589717865
img_02177.jpg,4,deep-fried_chicken_cutlets,0.9969072937965393
img_02178.jpg,8,mango_shaved_ice,0.9977805018424988
img_02179.jpg,11,papaya_milk,0.9964370727539062
img_02180.jpg,24,yolk_pastry,0.9901974201202393
img_02181.jpg,9,mochi,0.9864438772201538
img_02182.jpg,12,pineapple_cake,0.9442529082298279
img_02183.jpg,0,beef_noodles,0.9967646598815918
img_02184.jpg,0,beef_noodles,0.9966501593589783
img_02185.jpg,24,yolk_pastry,0.986519455909729
img_02186.jpg,2,bubble_tea,0.9908246397972107
img_02187.jpg,23,xiaolongbao,0.9915350675582886
img_02188.jpg,12,pineapple_cake,0.9868006706237793
img_02189.jpg,3,coffin_toast,0.9882807731628418
img_02190.jpg,2,bubble_tea,0.9969760179519653
img_02191.jpg,7,iron_egg,0.9941855072975159
img_02192.jpg,2,bubble_tea,0.9979277849197388
img_02193.jpg,20,three-cup_chicken,0.9950293898582458
img_02194.jpg,8,mango_shaved_ice,0.9972725510597229
img_02195.jpg,8,mango_shaved_ice,0.9979318380355835
img_02196.jpg,15,scallion_pancake,0.991479754447937
img_02197.jpg,23,xiaolongbao,0.993588924407959
img_02198.jpg,17,sweet_potato_ball,0.9920864701271057
img_02199.jpg,23,xiaolongbao,0.9942744374275208
img_02200.jpg,2,bubble_tea,0.9951046705245972
img_02201.jpg,19,taro_ball,0.9934978485107422
img_02202.jpg,16,stinky_tofu,0.9998648166656494
img_02203.jpg,15,scallion_pancake,0.9657281041145325
img_02204.jpg,18,tanghulu,0.9965395927429199
img_02205.jpg,10,oyster_omelet,0.998478353023529
img_02206.jpg,1,braised_pork_over_rice,0.9836965203285217
img_02207.jpg,1,braised_pork_over_rice,0.9819537401199341
img_02208.jpg,1,braised_pork_over_rice,0.9887762665748596
img_02209.jpg,16,stinky_tofu,0.9992239475250244
img_02210.jpg,24,yolk_pastry,0.9911214113235474
img_02211.jpg,13,potsticker,0.973069429397583
img_02212.jpg,1,braised_pork_over_rice,0.9806240200996399
img_02213.jpg,4,deep-fried_chicken_cutlets,0.9943183064460754
img_02214.jpg,0,beef_noodles,0.9958444237709045
img_02215.jpg,23,xiaolongbao,0.9931122660636902
img_02216.jpg,16,stinky_tofu,0.9820539951324463
img_02217.jpg,24,yolk_pastry,0.9912080764770508
img_02218.jpg,6,grilled_taiwanese_sausage,0.9914129972457886
img_02219.jpg,9,mochi,0.994922935962677
img_02220.jpg,1,braised_pork_over_rice,0.9813794493675232
img_02221.jpg,14,rice_dumpling,0.9993745684623718
img_02222.jpg,21,turkey_rice,0.9899793863296509
img_02223.jpg,15,scallion_pancake,0.9871551990509033
img_02224.jpg,2,bubble_tea,0.9952632188796997
img_02225.jpg,24,yolk_pastry,0.9919804334640503
img_02226.jpg,1,braised_pork_over_rice,0.985511302947998
img_02227.jpg,9,mochi,0.9953352808952332
img_02228.jpg,16,stinky_tofu,0.9941532015800476
img_02229.jpg,22,turnip_cake,0.9883894920349121
img_02230.jpg,19,taro_ball,0.994361162185669
img_02231.jpg,4,deep-fried_chicken_cutlets,0.9936104416847229
img_02232.jpg,2,bubble_tea,0.9945420622825623
img_02233.jpg,19,taro_ball,0.997684121131897
img_02234.jpg,22,turnip_cake,0.9969766139984131
img_02235.jpg,12,pineapple_cake,0.9938017725944519
img_02236.jpg,19,taro_ball,0.9967334270477295
img_02237.jpg,3,coffin_toast,0.9954002499580383
img_02238.jpg,23,xiaolongbao,0.9915400147438049
img_02239.jpg,4,deep-fried_chicken_cutlets,0.9641634821891785
img_02240.jpg,13,potsticker,0.9911337494850159
img_02241.jpg,1,braised_pork_over_rice,0.9937191009521484
img_02242.jpg,2,bubble_tea,0.9971823692321777
img_02243.jpg,1,braised_pork_over_rice,0.9947956204414368
img_02244.jpg,23,xiaolongbao,0.9918220639228821
img_02245.jpg,11,papaya_milk,0.9967256784439087
img_02246.jpg,17,sweet_potato_ball,0.9966040849685669
img_02247.jpg,12,pineapple_cake,0.9913514852523804
img_02248.jpg,1,braised_pork_over_rice,0.7364263534545898
img_02249.jpg,5,egg_pancake_roll,0.96104896068573
img_02250.jpg,4,deep-fried_chicken_cutlets,0.9977027773857117
img_02251.jpg,19,taro_ball,0.9899090528488159
img_02252.jpg,10,oyster_omelet,0.9901267290115356
img_02253.jpg,21,turkey_rice,0.9731149673461914
img_02254.jpg,17,sweet_potato_ball,0.9927603006362915
img_02255.jpg,8,mango_shaved_ice,0.9973071813583374
img_02256.jpg,23,xiaolongbao,0.9959050416946411
img_02257.jpg,3,coffin_toast,0.9914183616638184
img_02258.jpg,10,oyster_omelet,0.988509476184845
img_02259.jpg,2,bubble_tea,0.9938583970069885
img_02260.jpg,19,taro_ball,0.9965139031410217
img_02261.jpg,4,deep-fried_chicken_cutlets,0.9941202998161316
img_02262.jpg,17,sweet_potato_ball,0.9900347590446472
img_02263.jpg,21,turkey_rice,0.9900141954421997
img_02264.jpg,23,xiaolongbao,0.9928225874900818
img_02265.jpg,23,xiaolongbao,0.9864568114280701
img_02266.jpg,19,taro_ball,0.9982582926750183
img_02267.jpg,12,pineapple_cake,0.9862301349639893
img_02268.jpg,13,potsticker,0.9805244207382202
img_02269.jpg,6,grilled_taiwanese_sausage,0.9967989921569824
img_02270.jpg,9,mochi,0.9949801564216614
img_02271.jpg,2,bubble_tea,0.9904391765594482
img_02272.jpg,22,turnip_cake,0.9958807229995728
img_02273.jpg,16,stinky_tofu,0.9956408739089966
img_02274.jpg,7,iron_egg,0.9944941401481628
img_02275.jpg,23,xiaolongbao,0.9925957322120667
img_02276.jpg,0,beef_noodles,0.9974533915519714
img_02277.jpg,6,grilled_taiwanese_sausage,0.9924588799476624
img_02278.jpg,15,scallion_pancake,0.9900943636894226
img_02279.jpg,21,turkey_rice,0.988436222076416
img_02280.jpg,20,three-cup_chicken,0.995315432548523
img_02281.jpg,5,egg_pancake_roll,0.9759988784790039
img_02282.jpg,20,three-cup_chicken,0.9959325194358826
img_02283.jpg,13,potsticker,0.6970379948616028
img_02284.jpg,0,beef_noodles,0.9982112646102905
img_02285.jpg,23,xiaolongbao,0.9913689494132996
img_02286.jpg,6,grilled_taiwanese_sausage,0.9943634271621704
img_02287.jpg,23,xiaolongbao,0.9939285516738892
img_02288.jpg,3,coffin_toast,0.9959214925765991
img_02289.jpg,23,xiaolongbao,0.9936283230781555
img_02290.jpg,2,bubble_tea,0.9949523210525513
img_02291.jpg,23,xiaolongbao,0.9964656829833984
img_02292.jpg,24,yolk_pastry,0.9887154698371887
img_02293.jpg,13,potsticker,0.9578905701637268
img_02294.jpg,19,taro_ball,0.9949091076850891
img_02295.jpg,23,xiaolongbao,0.9934045672416687
img_02296.jpg,8,mango_shaved_ice,0.9933225512504578
img_02297.jpg,3,coffin_toast,0.9882959723472595
img_02298.jpg,4,deep-fried_chicken_cutlets,0.994949460029602
img_02299.jpg,19,taro_ball,0.9963072538375854
img_02300.jpg,7,iron_egg,0.9975003600120544
img_02301.jpg,19,taro_ball,0.989794135093689
img_02302.jpg,14,rice_dumpling,0.9967935681343079
img_02303.jpg,5,egg_pancake_roll,0.9795221090316772
img_02304.jpg,9,mochi,0.9810582399368286
img_02305.jpg,12,pineapple_cake,0.9958270192146301
img_02306.jpg,7,iron_egg,0.9920287728309631
img_02307.jpg,2,bubble_tea,0.9943607449531555
img_02308.jpg,4,deep-fried_chicken_cutlets,0.9940959215164185
img_02309.jpg,15,scallion_pancake,0.9896822571754456
img_02310.jpg,9,mochi,0.9950653910636902
img_02311.jpg,15,scallion_pancake,0.9939232468605042
img_02312.jpg,2,bubble_tea,0.9964959025382996
img_02313.jpg,14,rice_dumpling,0.9982385635375977
img_02314.jpg,16,stinky_tofu,0.9973039627075195
img_02315.jpg,20,three-cup_chicken,0.9982467889785767
img_02316.jpg,9,mochi,0.9790381193161011
img_02317.jpg,6,grilled_taiwanese_sausage,0.9962635636329651
img_02318.jpg,7,iron_egg,0.9962395429611206
img_02319.jpg,21,turkey_rice,0.9928641319274902
img_02320.jpg,23,xiaolongbao,0.9914684295654297
img_02321.jpg,0,beef_noodles,0.9933880567550659
img_02322.jpg,0,beef_noodles,0.9976097345352173
img_02323.jpg,23,xiaolongbao,0.5621798038482666
img_02324.jpg,3,coffin_toast,0.9919589757919312
img_02325.jpg,21,turkey_rice,0.992244303226471
img_02326.jpg,16,stinky_tofu,0.9971318244934082
img_02327.jpg,0,beef_noodles,0.9971857666969299
img_02328.jpg,3,coffin_toast,0.9929834604263306
img_02329.jpg,8,mango_shaved_ice,0.9968029260635376
img_02330.jpg,22,turnip_cake,0.9936136603355408
img_02331.jpg,18,tanghulu,0.9914284348487854
img_02332.jpg,11,papaya_milk,0.992119312286377
img_02333.jpg,21,turkey_rice,0.9796937108039856
img_02334.jpg,1,braised_pork_over_rice,0.9559852480888367
img_02335.jpg,1,braised_pork_over_rice,0.9843921661376953
img_02336.jpg,17,sweet_potato_ball,0.9935319423675537
img_02337.jpg,22,turnip_cake,0.9960581064224243
img_02338.jpg,15,scallion_pancake,0.34160399436950684
img_02339.jpg,4,deep-fried_chicken_cutlets,0.9987789988517761
img_02340.jpg,23,xiaolongbao,0.9947366118431091
img_02341.jpg,16,stinky_tofu,0.9957553148269653
img_02342.jpg,8,mango_shaved_ice,0.9957396984100342
img_02343.jpg,3,coffin_toast,0.9945857524871826
img_02344.jpg,11,papaya_milk,0.9959757924079895
img_02345.jpg,15,scallion_pancake,0.9839367866516113
img_02346.jpg,14,rice_dumpling,0.9980103373527527
img_02347.jpg,20,three-cup_chicken,0.9837960004806519
img_02348.jpg,20,three-cup_chicken,0.9915264248847961
img_02349.jpg,22,turnip_cake,0.9964641332626343
img_02350.jpg,21,turkey_rice,0.9933607578277588
img_02351.jpg,23,xiaolongbao,0.9921790361404419
img_02352.jpg,17,sweet_potato_ball,0.9922325611114502
img_02353.jpg,4,deep-fried_chicken_cutlets,0.9988910555839539
img_02354.jpg,19,taro_ball,0.9932242631912231
img_02355.jpg,19,taro_ball,0.9963674545288086
img_02356.jpg,19,taro_ball,0.9962183833122253
img_02357.jpg,5,egg_pancake_roll,0.9846400022506714
img_02358.jpg,21,turkey_rice,0.9880302548408508
img_02359.jpg,2,bubble_tea,0.9958470463752747
img_02360.jpg,16,stinky_tofu,0.994375467300415
img_02361.jpg,5,egg_pancake_roll,0.9958094358444214
img_02362.jpg,12,pineapple_cake,0.981990396976471
img_02363.jpg,5,egg_pancake_roll,0.983031153678894
img_02364.jpg,20,three-cup_chicken,0.997882068157196
img_02365.jpg,24,yolk_pastry,0.9844570755958557
img_02366.jpg,23,xiaolongbao,0.9888807535171509
img_02367.jpg,10,oyster_omelet,0.9903615713119507
img_02368.jpg,5,egg_pancake_roll,0.9874651432037354
img_02369.jpg,16,stinky_tofu,0.9984939098358154
img_02370.jpg,7,iron_egg,0.9944257736206055
img_02371.jpg,23,xiaolongbao,0.9854624271392822
img_02372.jpg,12,pineapple_cake,0.9889840483665466
img_02373.jpg,24,yolk_pastry,0.9893151521682739
img_02374.jpg,14,rice_dumpling,0.7933188080787659
img_02375.jpg,16,stinky_tofu,0.9972274899482727
img_02376.jpg,24,yolk_pastry,0.9921610951423645
img_02377.jpg,19,taro_ball,0.9893342852592468
img_02378.jpg,23,xiaolongbao,0.9941672086715698
img_02379.jpg,14,rice_dumpling,0.9977037310600281
img_02380.jpg,16,stinky_tofu,0.9919987320899963
img_02381.jpg,15,scallion_pancake,0.9924862384796143
img_02382.jpg,17,sweet_potato_ball,0.9899380207061768
img_02383.jpg,5,egg_pancake_roll,0.9951897859573364
img_02384.jpg,12,pineapple_cake,0.9923858642578125
img_02385.jpg,7,iron_egg,0.9963027238845825
img_02386.jpg,10,oyster_omelet,0.9941621422767639
img_02387.jpg,21,turkey_rice,0.9857639670372009
img_02388.jpg,10,oyster_omelet,0.9918748736381531
img_02389.jpg,16,stinky_tofu,0.996509850025177
img_02390.jpg,6,grilled_taiwanese_sausage,0.9792031049728394
img_02391.jpg,6,grilled_taiwanese_sausage,0.9932572841644287
img_02392.jpg,4,deep-fried_chicken_cutlets,0.9966583251953125
img_02393.jpg,20,three-cup_chicken,0.9984514713287354
img_02394.jpg,18,tanghulu,0.9985299110412598
img_02395.jpg,5,egg_pancake_roll,0.969507098197937
img_02396.jpg,5,egg_pancake_roll,0.9917029738426208
img_02397.jpg,4,deep-fried_chicken_cutlets,0.9712966084480286
img_02398.jpg,23,xiaolongbao,0.9905597567558289
img_02399.jpg,5,egg_pancake_roll,0.9872037768363953
img_02400.jpg,7,iron_egg,0.9934108853340149
img_02401.jpg,11,papaya_milk,0.9942157864570618
img_02402.jpg,7,iron_egg,0.9924721717834473
img_02403.jpg,11,papaya_milk,0.9944416880607605
img_02404.jpg,24,yolk_pastry,0.9857848286628723
img_02405.jpg,22,turnip_cake,0.9956297874450684
img_02406.jpg,6,grilled_taiwanese_sausage,0.9898119568824768
img_02407.jpg,15,scallion_pancake,0.9951626062393188
img_02408.jpg,24,yolk_pastry,0.9202854633331299
img_02409.jpg,23,xiaolongbao,0.9911002516746521
img_02410.jpg,17,sweet_potato_ball,0.9940921664237976
img_02411.jpg,17,sweet_potato_ball,0.9959063529968262
img_02412.jpg,4,deep-fried_chicken_cutlets,0.9951573014259338
img_02413.jpg,11,papaya_milk,0.9969992637634277
img_02414.jpg,2,bubble_tea,0.9966712594032288
img_02415.jpg,1,braised_pork_over_rice,0.9608615636825562
img_02416.jpg,22,turnip_cake,0.9953793287277222
img_02417.jpg,19,taro_ball,0.9961469173431396
img_02418.jpg,8,mango_shaved_ice,0.9981377124786377
img_02419.jpg,16,stinky_tofu,0.9981750249862671
img_02420.jpg,8,mango_shaved_ice,0.996742308139801
img_02421.jpg,3,coffin_toast,0.9947102069854736
img_02422.jpg,8,mango_shaved_ice,0.9963808655738831
img_02423.jpg,6,grilled_taiwanese_sausage,0.9940078258514404
img_02424.jpg,22,turnip_cake,0.9932752847671509
img_02425.jpg,15,scallion_pancake,0.9972518086433411
img_02426.jpg,4,deep-fried_chicken_cutlets,0.9969273209571838
img_02427.jpg,22,turnip_cake,0.9919005632400513
img_02428.jpg,12,pineapple_cake,0.9856464266777039
img_02429.jpg,0,beef_noodles,0.9939046502113342
img_02430.jpg,5,egg_pancake_roll,0.9931299090385437
img_02431.jpg,22,turnip_cake,0.9765050411224365
img_02432.jpg,18,tanghulu,0.9936662316322327
img_02433.jpg,11,papaya_milk,0.9945289492607117
img_02434.jpg,3,coffin_toast,0.9916785955429077
img_02435.jpg,10,oyster_omelet,0.9963361024856567
img_02436.jpg,18,tanghulu,0.9956769347190857
img_02437.jpg,23,xiaolongbao,0.9946152567863464
img_02438.jpg,4,deep-fried_chicken_cutlets,0.9979133009910583
img_02439.jpg,12,pineapple_cake,0.9749355912208557
img_02440.jpg,12,pineapple_cake,0.991965651512146
img_02441.jpg,5,egg_pancake_roll,0.9809529185295105
img_02442.jpg,10,oyster_omelet,0.9945065379142761
img_02443.jpg,15,scallion_pancake,0.9835488200187683
img_02444.jpg,6,grilled_taiwanese_sausage,0.9884005784988403
img_02445.jpg,12,pineapple_cake,0.9946916699409485
img_02446.jpg,13,potsticker,0.9910724759101868
img_02447.jpg,2,bubble_tea,0.9803496599197388
img_02448.jpg,7,iron_egg,0.9954426288604736
img_02449.jpg,7,iron_egg,0.9949211478233337
img_02450.jpg,0,beef_noodles,0.9977591037750244
img_02451.jpg,10,oyster_omelet,0.9951170682907104
img_02452.jpg,6,grilled_taiwanese_sausage,0.9942737221717834
img_02453.jpg,12,pineapple_cake,0.9853979349136353
img_02454.jpg,24,yolk_pastry,0.9931742548942566
img_02455.jpg,11,papaya_milk,0.9966205358505249
img_02456.jpg,10,oyster_omelet,0.9951519966125488
img_02457.jpg,10,oyster_omelet,0.9941205382347107
img_02458.jpg,7,iron_egg,0.9694352746009827
img_02459.jpg,23,xiaolongbao,0.99357008934021
img_02460.jpg,20,three-cup_chicken,0.9958422780036926
img_02461.jpg,8,mango_shaved_ice,0.9952568411827087
img_02462.jpg,21,turkey_rice,0.9891062378883362
img_02463.jpg,23,xiaolongbao,0.992531955242157
img_02464.jpg,21,turkey_rice,0.9836488962173462
img_02465.jpg,22,turnip_cake,0.990058958530426
img_02466.jpg,14,rice_dumpling,0.9960654377937317
img_02467.jpg,21,turkey_rice,0.9843893647193909
img_02468.jpg,19,taro_ball,0.9974871873855591
img_02469.jpg,11,papaya_milk,0.9876173138618469
img_02470.jpg,10,oyster_omelet,0.9907827973365784
img_02471.jpg,16,stinky_tofu,0.9957844614982605
img_02472.jpg,23,xiaolongbao,0.9943569302558899
img_02473.jpg,24,yolk_pastry,0.981526255607605
img_02474.jpg,13,potsticker,0.9902865886688232
img_02475.jpg,22,turnip_cake,0.9958206415176392
img_02476.jpg,10,oyster_omelet,0.9878131151199341
img_02477.jpg,8,mango_shaved_ice,0.9975031018257141
img_02478.jpg,10,oyster_omelet,0.9967877864837646
img_02479.jpg,14,rice_dumpling,0.9971103072166443
img_02480.jpg,22,turnip_cake,0.9450963139533997
img_02481.jpg,20,three-cup_chicken,0.9933813810348511
img_02482.jpg,7,iron_egg,0.9960972666740417
img_02483.jpg,22,turnip_cake,0.9878888726234436
img_02484.jpg,16,stinky_tofu,0.9267392158508301
img_02485.jpg,7,iron_egg,0.996672511100769
img_02486.jpg,8,mango_shaved_ice,0.9970629811286926
img_02487.jpg,24,yolk_pastry,0.9918374419212341
img_02488.jpg,2,bubble_tea,0.9916774034500122
img_02489.jpg,2,bubble_tea,0.9949213862419128
img_02490.jpg,18,tanghulu,0.9914347529411316
img_02491.jpg,17,sweet_potato_ball,0.9910104274749756
img_02492.jpg,9,mochi,0.9957886338233948
img_02493.jpg,10,oyster_omelet,0.9982194304466248
img_02494.jpg,23,xiaolongbao,0.991807758808136
img_02495.jpg,17,sweet_potato_ball,0.9903908967971802
img_02496.jpg,21,turkey_rice,0.9963669776916504
img_02497.jpg,23,xiaolongbao,0.9863644242286682
img_02498.jpg,7,iron_egg,0.9975506663322449
img_02499.jpg,4,deep-fried_chicken_cutlets,0.9870693683624268
img_02500.jpg,12,pineapple_cake,0.9902785420417786
img_02501.jpg,12,pineapple_cake,0.9880611896514893
img_02502.jpg,0,beef_noodles,0.9948378205299377
img_02503.jpg,16,stinky_tofu,0.9972487092018127
img_02504.jpg,18,tanghulu,0.9955313801765442
img_02505.jpg,13,potsticker,0.987025797367096
img_02506.jpg,8,mango_shaved_ice,0.9971160888671875
img_02507.jpg,19,taro_ball,0.990884006023407
img_02508.jpg,19,taro_ball,0.9964614510536194
img_02509.jpg,2,bubble_tea,0.9961919784545898
img_02510.jpg,9,mochi,0.993191659450531
img_02511.jpg,2,bubble_tea,0.9961875081062317
img_02512.jpg,19,taro_ball,0.9946008920669556
img_02513.jpg,22,turnip_cake,0.9951463341712952
img_02514.jpg,24,yolk_pastry,0.9864956736564636
img_02515.jpg,21,turkey_rice,0.9886411428451538
img_02516.jpg,12,pineapple_cake,0.9937574863433838
img_02517.jpg,10,oyster_omelet,0.9979581832885742
img_02518.jpg,6,grilled_taiwanese_sausage,0.9938693046569824
img_02519.jpg,13,potsticker,0.9820178747177124
img_02520.jpg,0,beef_noodles,0.9969488978385925
img_02521.jpg,20,three-cup_chicken,0.9940185546875
img_02522.jpg,9,mochi,0.9669782519340515
img_02523.jpg,17,sweet_potato_ball,0.9955184459686279
img_02524.jpg,23,xiaolongbao,0.9927156567573547
img_02525.jpg,15,scallion_pancake,0.9919149875640869
img_02526.jpg,17,sweet_potato_ball,0.9803667664527893
img_02527.jpg,8,mango_shaved_ice,0.9974430799484253
img_02528.jpg,1,braised_pork_over_rice,0.9865431785583496
img_02529.jpg,24,yolk_pastry,0.9907608032226562
img_02530.jpg,19,taro_ball,0.9971254467964172
img_02531.jpg,16,stinky_tofu,0.9955155253410339
img_02532.jpg,10,oyster_omelet,0.9966371059417725
img_02533.jpg,9,mochi,0.9923945665359497
img_02534.jpg,10,oyster_omelet,0.9947286248207092
img_02535.jpg,10,oyster_omelet,0.9953188300132751
img_02536.jpg,3,coffin_toast,0.9931644797325134
img_02537.jpg,18,tanghulu,0.9973974227905273
img_02538.jpg,13,potsticker,0.9860636591911316
img_02539.jpg,12,pineapple_cake,0.9951451420783997
img_02540.jpg,22,turnip_cake,0.9969891905784607
img_02541.jpg,3,coffin_toast,0.993311882019043
img_02542.jpg,5,egg_pancake_roll,0.9591617584228516
img_02543.jpg,8,mango_shaved_ice,0.9949997663497925
img_02544.jpg,15,scallion_pancake,0.9413281083106995
img_02545.jpg,8,mango_shaved_ice,0.9965142607688904
img_02546.jpg,6,grilled_taiwanese_sausage,0.8814444541931152
img_02547.jpg,21,turkey_rice,0.9938469529151917
img_02548.jpg,2,bubble_tea,0.9955822825431824
img_02549.jpg,3,coffin_toast,0.9937228560447693
img_02550.jpg,5,egg_pancake_roll,0.9824694395065308
img_02551.jpg,9,mochi,0.997529923915863
img_02552.jpg,17,sweet_potato_ball,0.989538311958313
img_02553.jpg,2,bubble_tea,0.9957296252250671
img_02554.jpg,9,mochi,0.9938190579414368
img_02555.jpg,14,rice_dumpling,0.9908150434494019
img_02556.jpg,13,potsticker,0.9913422465324402
img_02557.jpg,2,bubble_tea,0.9990770816802979
img_02558.jpg,14,rice_dumpling,0.9973545074462891
img_02559.jpg,10,oyster_omelet,0.9945861101150513
img_02560.jpg,22,turnip_cake,0.9962096214294434
img_02561.jpg,22,turnip_cake,0.9939411878585815
img_02562.jpg,23,xiaolongbao,0.9930233955383301
img_02563.jpg,7,iron_egg,0.9949264526367188
img_02564.jpg,24,yolk_pastry,0.9829698801040649
img_02565.jpg,17,sweet_potato_ball,0.989586591720581
img_02566.jpg,14,rice_dumpling,0.9957900643348694
img_02567.jpg,13,potsticker,0.9889445304870605
img_02568.jpg,7,iron_egg,0.9522733092308044
img_02569.jpg,4,deep-fried_chicken_cutlets,0.994521975517273
img_02570.jpg,9,mochi,0.9920257925987244
img_02571.jpg,22,turnip_cake,0.9925698637962341
img_02572.jpg,21,turkey_rice,0.9945700764656067
img_02573.jpg,9,mochi,0.9944280385971069
img_02574.jpg,19,taro_ball,0.9925202131271362
img_02575.jpg,17,sweet_potato_ball,0.9974887371063232
img_02576.jpg,21,turkey_rice,0.513397216796875
img_02577.jpg,17,sweet_potato_ball,0.9897961020469666
img_02578.jpg,6,grilled_taiwanese_sausage,0.9959195852279663
img_02579.jpg,14,rice_dumpling,0.9872803092002869
img_02580.jpg,5,egg_pancake_roll,0.9682492017745972
img_02581.jpg,10,oyster_omelet,0.9956716299057007
img_02582.jpg,18,tanghulu,0.9962134957313538
img_02583.jpg,6,grilled_taiwanese_sausage,0.9936517477035522
img_02584.jpg,14,rice_dumpling,0.9985455274581909
img_02585.jpg,13,potsticker,0.987566351890564
img_02586.jpg,10,oyster_omelet,0.9927427768707275
img_02587.jpg,0,beef_noodles,0.9959639310836792
img_02588.jpg,23,xiaolongbao,0.9908831715583801
img_02589.jpg,14,rice_dumpling,0.9963250756263733
img_02590.jpg,12,pineapple_cake,0.9831558465957642
img_02591.jpg,4,deep-fried_chicken_cutlets,0.9983389377593994
img_02592.jpg,5,egg_pancake_roll,0.9738885760307312
img_02593.jpg,12,pineapple_cake,0.9848677515983582
img_02594.jpg,18,tanghulu,0.9925149083137512
img_02595.jpg,1,braised_pork_over_rice,0.9876540303230286
img_02596.jpg,0,beef_noodles,0.9916381239891052
img_02597.jpg,16,stinky_tofu,0.9975185394287109
img_02598.jpg,23,xiaolongbao,0.9942809343338013
img_02599.jpg,7,iron_egg,0.9945060610771179
img_02600.jpg,14,rice_dumpling,0.9947172999382019
img_02601.jpg,17,sweet_potato_ball,0.9942785501480103
img_02602.jpg,22,turnip_cake,0.9901367425918579
img_02603.jpg,17,sweet_potato_ball,0.9777186512947083
img_02604.jpg,12,pineapple_cake,0.997464656829834
img_02605.jpg,12,pineapple_cake,0.974092960357666
img_02606.jpg,3,coffin_toast,0.9907540082931519
img_02607.jpg,10,oyster_omelet,0.9981350898742676
img_02608.jpg,15,scallion_pancake,0.9949356317520142
img_02609.jpg,20,three-cup_chicken,0.994848370552063
img_02610.jpg,13,potsticker,0.9778186082839966
img_02611.jpg,16,stinky_tofu,0.99980229139328
img_02612.jpg,21,turkey_rice,0.9830631017684937
img_02613.jpg,2,bubble_tea,0.9967909455299377
img_02614.jpg,15,scallion_pancake,0.9944332242012024
img_02615.jpg,21,turkey_rice,0.9849399924278259
img_02616.jpg,13,potsticker,0.8561949133872986
img_02617.jpg,4,deep-fried_chicken_cutlets,0.9937500357627869
img_02618.jpg,19,taro_ball,0.9989690780639648
img_02619.jpg,15,scallion_pancake,0.9911425113677979
img_02620.jpg,18,tanghulu,0.9978381991386414
img_02621.jpg,21,turkey_rice,0.991293728351593
img_02622.jpg,7,iron_egg,0.9914411306381226
img_02623.jpg,4,deep-fried_chicken_cutlets,0.996758759021759
img_02624.jpg,6,grilled_taiwanese_sausage,0.9968307614326477
img_02625.jpg,15,scallion_pancake,0.9945446252822876
img_02626.jpg,3,coffin_toast,0.9936384558677673
img_02627.jpg,21,turkey_rice,0.9893130660057068
img_02628.jpg,16,stinky_tofu,0.9958274960517883
img_02629.jpg,11,papaya_milk,0.9930936098098755
img_02630.jpg,2,bubble_tea,0.997406542301178
img_02631.jpg,23,xiaolongbao,0.9887704849243164
img_02632.jpg,15,scallion_pancake,0.9941091537475586
img_02633.jpg,22,turnip_cake,0.9909819960594177
img_02634.jpg,22,turnip_cake,0.9951879978179932
img_02635.jpg,3,coffin_toast,0.9955369234085083
img_02636.jpg,12,pineapple_cake,0.992361307144165
img_02637.jpg,13,potsticker,0.9850612282752991
img_02638.jpg,17,sweet_potato_ball,0.9895085096359253
img_02639.jpg,2,bubble_tea,0.9934137463569641
img_02640.jpg,7,iron_egg,0.9935141801834106
img_02641.jpg,10,oyster_omelet,0.9956663846969604
img_02642.jpg,9,mochi,0.9953450560569763
img_02643.jpg,9,mochi,0.9870770573616028
img_02644.jpg,15,scallion_pancake,0.9885850548744202
img_02645.jpg,13,potsticker,0.9879172444343567
img_02646.jpg,6,grilled_taiwanese_sausage,0.992577850818634
img_02647.jpg,2,bubble_tea,0.9929827451705933
img_02648.jpg,19,taro_ball,0.9976582527160645
img_02649.jpg,19,taro_ball,0.9957616925239563
img_02650.jpg,8,mango_shaved_ice,0.9970656037330627
img_02651.jpg,15,scallion_pancake,0.9690607786178589
img_02652.jpg,11,papaya_milk,0.9974708557128906
img_02653.jpg,20,three-cup_chicken,0.9979240894317627
img_02654.jpg,15,scallion_pancake,0.9902876615524292
img_02655.jpg,23,xiaolongbao,0.9910477995872498
img_02656.jpg,5,egg_pancake_roll,0.9137025475502014
img_02657.jpg,1,braised_pork_over_rice,0.9865950345993042
img_02658.jpg,14,rice_dumpling,0.9954352974891663
img_02659.jpg,11,papaya_milk,0.9066394567489624
img_02660.jpg,11,papaya_milk,0.9939581155776978
img_02661.jpg,9,mochi,0.9718291759490967
img_02662.jpg,7,iron_egg,0.9954293966293335
img_02663.jpg,12,pineapple_cake,0.9584452509880066
img_02664.jpg,21,turkey_rice,0.9923203587532043
img_02665.jpg,7,iron_egg,0.9946080446243286
img_02666.jpg,19,taro_ball,0.993961751461029
img_02667.jpg,21,turkey_rice,0.9877747297286987
img_02668.jpg,5,egg_pancake_roll,0.9954681396484375
img_02669.jpg,23,xiaolongbao,0.9922353625297546
img_02670.jpg,22,turnip_cake,0.9897178411483765
img_02671.jpg,21,turkey_rice,0.9820520281791687
img_02672.jpg,17,sweet_potato_ball,0.9868384003639221
img_02673.jpg,10,oyster_omelet,0.997287392616272
img_02674.jpg,7,iron_egg,0.9947283864021301
img_02675.jpg,18,tanghulu,0.997593104839325
img_02676.jpg,19,taro_ball,0.9960837364196777
img_02677.jpg,24,yolk_pastry,0.9931619167327881
img_02678.jpg,6,grilled_taiwanese_sausage,0.9803481698036194
img_02679.jpg,6,grilled_taiwanese_sausage,0.9884911775588989
img_02680.jpg,11,papaya_milk,0.9913081526756287
img_02681.jpg,11,papaya_milk,0.9934843182563782
img_02682.jpg,1,braised_pork_over_rice,0.9940741658210754
img_02683.jpg,7,iron_egg,0.9825842976570129
img_02684.jpg,6,grilled_taiwanese_sausage,0.9922270774841309
img_02685.jpg,1,braised_pork_over_rice,0.9891129732131958
img_02686.jpg,9,mochi,0.9950742125511169
img_02687.jpg,3,coffin_toast,0.9872987866401672
img_02688.jpg,16,stinky_tofu,0.9984286427497864
img_02689.jpg,22,turnip_cake,0.9968811273574829
img_02690.jpg,21,turkey_rice,0.9930552840232849
img_02691.jpg,2,bubble_tea,0.9973049163818359
img_02692.jpg,23,xiaolongbao,0.9898716807365417
img_02693.jpg,22,turnip_cake,0.9907116293907166
img_02694.jpg,6,grilled_taiwanese_sausage,0.9947134852409363
img_02695.jpg,13,potsticker,0.9423225522041321
img_02696.jpg,4,deep-fried_chicken_cutlets,0.974697470664978
img_02697.jpg,9,mochi,0.9973056316375732
img_02698.jpg,5,egg_pancake_roll,0.9832437634468079
img_02699.jpg,23,xiaolongbao,0.9908267855644226
img_02700.jpg,24,yolk_pastry,0.9854848980903625
img_02701.jpg,17,sweet_potato_ball,0.9913488030433655
img_02702.jpg,8,mango_shaved_ice,0.9975922703742981
img_02703.jpg,10,oyster_omelet,0.9969147443771362
img_02704.jpg,23,xiaolongbao,0.9937744140625
img_02705.jpg,24,yolk_pastry,0.9753907322883606
img_02706.jpg,0,beef_noodles,0.9967945218086243
img_02707.jpg,21,turkey_rice,0.9822240471839905
img_02708.jpg,24,yolk_pastry,0.9906311631202698
img_02709.jpg,17,sweet_potato_ball,0.9920154809951782
img_02710.jpg,14,rice_dumpling,0.9964141249656677
img_02711.jpg,6,grilled_taiwanese_sausage,0.9942213892936707
img_02712.jpg,18,tanghulu,0.9969246983528137
img_02713.jpg,23,xiaolongbao,0.9925425052642822
img_02714.jpg,11,papaya_milk,0.9946866035461426
img_02715.jpg,23,xiaolongbao,0.9852440357208252
img_02716.jpg,23,xiaolongbao,0.9902198910713196
img_02717.jpg,21,turkey_rice,0.9934347867965698
img_02718.jpg,18,tanghulu,0.9976801872253418
img_02719.jpg,10,oyster_omelet,0.48484691977500916
img_02720.jpg,20,three-cup_chicken,0.9588735103607178
img_02721.jpg,16,stinky_tofu,0.9966525435447693
img_02722.jpg,3,coffin_toast,0.9948758482933044
img_02723.jpg,16,stinky_tofu,0.9988321661949158
img_02724.jpg,0,beef_noodles,0.9946961402893066
img_02725.jpg,12,pineapple_cake,0.982662558555603
img_02726.jpg,20,three-cup_chicken,0.9937679767608643
img_02727.jpg,7,iron_egg,0.9909295439720154
img_02728.jpg,7,iron_egg,0.9939489364624023
img_02729.jpg,13,potsticker,0.9908197522163391
img_02730.jpg,5,egg_pancake_roll,0.9880502820014954
img_02731.jpg,1,braised_pork_over_rice,0.9912750720977783
img_02732.jpg,23,xiaolongbao,0.9811330437660217
img_02733.jpg,0,beef_noodles,0.9964818954467773
img_02734.jpg,21,turkey_rice,0.984734296798706
img_02735.jpg,13,potsticker,0.9870510101318359
img_02736.jpg,24,yolk_pastry,0.9911870360374451
img_02737.jpg,17,sweet_potato_ball,0.9877031445503235
img_02738.jpg,3,coffin_toast,0.9933308959007263
img_02739.jpg,10,oyster_omelet,0.9965285658836365
img_02740.jpg,22,turnip_cake,0.9965367317199707
img_02741.jpg,8,mango_shaved_ice,0.95790696144104
img_02742.jpg,13,potsticker,0.9611647725105286
img_02743.jpg,21,turkey_rice,0.9887358546257019
img_02744.jpg,1,braised_pork_over_rice,0.9804970026016235
img_02745.jpg,18,tanghulu,0.9955848455429077
img_02746.jpg,23,xiaolongbao,0.994785726070404
img_02747.jpg,9,mochi,0.9958243370056152
img_02748.jpg,14,rice_dumpling,0.9979729056358337
img_02749.jpg,7,iron_egg,0.9945549964904785
img_02750.jpg,16,stinky_tofu,0.9941774606704712
img_02751.jpg,9,mochi,0.9809873104095459
img_02752.jpg,7,iron_egg,0.9962134957313538
img_02753.jpg,9,mochi,0.9914053678512573
img_02754.jpg,3,coffin_toast,0.9924812316894531
img_02755.jpg,9,mochi,0.9929757118225098
img_02756.jpg,15,scallion_pancake,0.9687243103981018
img_02757.jpg,23,xiaolongbao,0.9918648600578308
img_02758.jpg,9,mochi,0.6774345636367798
img_02759.jpg,6,grilled_taiwanese_sausage,0.9958674907684326
img_02760.jpg,18,tanghulu,0.9975086450576782
img_02761.jpg,16,stinky_tofu,0.9964256882667542
img_02762.jpg,1,braised_pork_over_rice,0.9352709650993347
img_02763.jpg,21,turkey_rice,0.9842724800109863
img_02764.jpg,21,turkey_rice,0.989339292049408
img_02765.jpg,6,grilled_taiwanese_sausage,0.9959834814071655
img_02766.jpg,11,papaya_milk,0.9236335754394531
img_02767.jpg,3,coffin_toast,0.9958765506744385
img_02768.jpg,16,stinky_tofu,0.9977933168411255
img_02769.jpg,16,stinky_tofu,0.998314380645752
img_02770.jpg,23,xiaolongbao,0.9911303520202637
img_02771.jpg,9,mochi,0.9940529465675354
img_02772.jpg,1,braised_pork_over_rice,0.9835364818572998
img_02773.jpg,23,xiaolongbao,0.9900626540184021
img_02774.jpg,11,papaya_milk,0.9823204278945923
img_02775.jpg,18,tanghulu,0.997197151184082
img_02776.jpg,16,stinky_tofu,0.9980387091636658
img_02777.jpg,23,xiaolongbao,0.537510335445404
img_02778.jpg,24,yolk_pastry,0.9877261519432068
img_02779.jpg,18,tanghulu,0.9961071610450745
img_02780.jpg,15,scallion_pancake,0.9908058047294617
img_02781.jpg,21,turkey_rice,0.9847317934036255
img_02782.jpg,8,mango_shaved_ice,0.9959751963615417
img_02783.jpg,9,mochi,0.9331750273704529
img_02784.jpg,7,iron_egg,0.9958215951919556
img_02785.jpg,21,turkey_rice,0.988454282283783
img_02786.jpg,23,xiaolongbao,0.9960214495658875
img_02787.jpg,20,three-cup_chicken,0.997092604637146
img_02788.jpg,14,rice_dumpling,0.966458797454834
img_02789.jpg,15,scallion_pancake,0.8569627404212952
img_02790.jpg,23,xiaolongbao,0.9929733276367188
img_02791.jpg,6,grilled_taiwanese_sausage,0.9925077557563782
img_02792.jpg,4,deep-fried_chicken_cutlets,0.9842155575752258
img_02793.jpg,13,potsticker,0.9576193690299988
img_02794.jpg,0,beef_noodles,0.9931725859642029
img_02795.jpg,5,egg_pancake_roll,0.9853160977363586
img_02796.jpg,23,xiaolongbao,0.9905316829681396
img_02797.jpg,11,papaya_milk,0.9955922961235046
img_02798.jpg,23,xiaolongbao,0.9914895296096802
img_02799.jpg,10,oyster_omelet,0.9973986148834229
img_02800.jpg,15,scallion_pancake,0.9954298734664917
img_02801.jpg,23,xiaolongbao,0.9940527081489563
img_02802.jpg,0,beef_noodles,0.9971776008605957
img_02803.jpg,15,scallion_pancake,0.9955698847770691
img_02804.jpg,0,beef_noodles,0.9965139031410217
img_02805.jpg,4,deep-fried_chicken_cutlets,0.9941202998161316
img_02806.jpg,19,taro_ball,0.9955849647521973
img_02807.jpg,20,three-cup_chicken,0.9903181791305542
img_02808.jpg,9,mochi,0.9979819059371948
img_02809.jpg,21,turkey_rice,0.9847180247306824
img_02810.jpg,24,yolk_pastry,0.9856554269790649
img_02811.jpg,3,coffin_toast,0.9937635064125061
img_02812.jpg,13,potsticker,0.9903838634490967
img_02813.jpg,10,oyster_omelet,0.990803599357605
img_02814.jpg,9,mochi,0.9911038875579834
img_02815.jpg,4,deep-fried_chicken_cutlets,0.986823320388794
img_02816.jpg,19,taro_ball,0.9984897375106812
img_02817.jpg,17,sweet_potato_ball,0.9880561828613281
img_02818.jpg,20,three-cup_chicken,0.9971235394477844
img_02819.jpg,11,papaya_milk,0.98671954870224
img_02820.jpg,19,taro_ball,0.9966534972190857
img_02821.jpg,0,beef_noodles,0.9980401396751404
img_02822.jpg,2,bubble_tea,0.9926154613494873
img_02823.jpg,20,three-cup_chicken,0.9920680522918701
img_02824.jpg,12,pineapple_cake,0.9857381582260132
img_02825.jpg,22,turnip_cake,0.992067813873291
img_02826.jpg,21,turkey_rice,0.983826220035553
img_02827.jpg,14,rice_dumpling,0.9977843165397644
img_02828.jpg,5,egg_pancake_roll,0.9908620119094849
img_02829.jpg,7,iron_egg,0.9924383759498596
img_02830.jpg,1,braised_pork_over_rice,0.9531676173210144
img_02831.jpg,23,xiaolongbao,0.9941614270210266
img_02832.jpg,0,beef_noodles,0.9951795339584351
img_02833.jpg,5,egg_pancake_roll,0.9536865949630737
img_02834.jpg,8,mango_shaved_ice,0.9979090690612793
img_02835.jpg,8,mango_shaved_ice,0.9967800974845886
img_02836.jpg,13,potsticker,0.9900742173194885
img_02837.jpg,15,scallion_pancake,0.9932597279548645
img_02838.jpg,21,turkey_rice,0.9910746216773987
img_02839.jpg,8,mango_shaved_ice,0.9887793064117432
img_02840.jpg,22,turnip_cake,0.9966267347335815
img_02841.jpg,11,papaya_milk,0.9914678335189819
img_02842.jpg,15,scallion_pancake,0.995672881603241
img_02843.jpg,16,stinky_tofu,0.9975998997688293
img_02844.jpg,11,papaya_milk,0.9987161159515381
img_02845.jpg,18,tanghulu,0.9971408843994141
img_02846.jpg,1,braised_pork_over_rice,0.993690013885498
img_02847.jpg,7,iron_egg,0.995341420173645
img_02848.jpg,11,papaya_milk,0.9957089424133301
img_02849.jpg,1,braised_pork_over_rice,0.9929268956184387
img_02850.jpg,14,rice_dumpling,0.9941771030426025
img_02851.jpg,23,xiaolongbao,0.9923120141029358
img_02852.jpg,24,yolk_pastry,0.9957084655761719
img_02853.jpg,8,mango_shaved_ice,0.9968121647834778
img_02854.jpg,12,pineapple_cake,0.9891619682312012
img_02855.jpg,5,egg_pancake_roll,0.9752187132835388
img_02856.jpg,7,iron_egg,0.9958676099777222
img_02857.jpg,13,potsticker,0.9783679246902466
img_02858.jpg,0,beef_noodles,0.9943541288375854
img_02859.jpg,21,turkey_rice,0.6909160614013672
img_02860.jpg,6,grilled_taiwanese_sausage,0.9966961145401001
img_02861.jpg,3,coffin_toast,0.9883714318275452
img_02862.jpg,5,egg_pancake_roll,0.9881227612495422
img_02863.jpg,12,pineapple_cake,0.9925761222839355
img_02864.jpg,10,oyster_omelet,0.9977681636810303
img_02865.jpg,4,deep-fried_chicken_cutlets,0.7337872982025146
img_02866.jpg,0,beef_noodles,0.9983401298522949
img_02867.jpg,11,papaya_milk,0.9950351715087891
img_02868.jpg,24,yolk_pastry,0.9858667254447937
img_02869.jpg,10,oyster_omelet,0.9965903759002686
img_02870.jpg,16,stinky_tofu,0.9960454106330872
img_02871.jpg,24,yolk_pastry,0.9933370351791382
img_02872.jpg,9,mochi,0.9920255541801453
img_02873.jpg,13,potsticker,0.9841243624687195
img_02874.jpg,19,taro_ball,0.9983633160591125
img_02875.jpg,23,xiaolongbao,0.9913522005081177
img_02876.jpg,5,egg_pancake_roll,0.9713257551193237
img_02877.jpg,0,beef_noodles,0.9986432194709778
img_02878.jpg,23,xiaolongbao,0.9924769997596741
img_02879.jpg,6,grilled_taiwanese_sausage,0.9918459057807922
img_02880.jpg,5,egg_pancake_roll,0.9802339673042297
img_02881.jpg,21,turkey_rice,0.974420428276062
img_02882.jpg,2,bubble_tea,0.9963900446891785
img_02883.jpg,22,turnip_cake,0.9921581745147705
img_02884.jpg,11,papaya_milk,0.9937320351600647
img_02885.jpg,21,turkey_rice,0.9874036312103271
img_02886.jpg,22,turnip_cake,0.9906315803527832
img_02887.jpg,3,coffin_toast,0.9967069029808044
img_02888.jpg,4,deep-fried_chicken_cutlets,0.9944527745246887
img_02889.jpg,23,xiaolongbao,0.9951411485671997
img_02890.jpg,0,beef_noodles,0.9969567060470581
img_02891.jpg,1,braised_pork_over_rice,0.9909834861755371
img_02892.jpg,0,beef_noodles,0.9946231842041016
img_02893.jpg,13,potsticker,0.9891664385795593
img_02894.jpg,9,mochi,0.9894015192985535
img_02895.jpg,15,scallion_pancake,0.9959530830383301
img_02896.jpg,20,three-cup_chicken,0.9986139535903931
img_02897.jpg,23,xiaolongbao,0.9914755821228027
img_02898.jpg,14,rice_dumpling,0.9963483214378357
img_02899.jpg,10,oyster_omelet,0.9957558512687683
img_02900.jpg,21,turkey_rice,0.9840049743652344
img_02901.jpg,0,beef_noodles,0.9940800070762634
img_02902.jpg,15,scallion_pancake,0.9941192865371704
img_02903.jpg,3,coffin_toast,0.9897393584251404
img_02904.jpg,7,iron_egg,0.9952760934829712
img_02905.jpg,22,turnip_cake,0.9934072494506836
img_02906.jpg,18,tanghulu,0.9968549013137817
img_02907.jpg,6,grilled_taiwanese_sausage,0.9956206679344177
img_02908.jpg,23,xiaolongbao,0.993787407875061
img_02909.jpg,4,deep-fried_chicken_cutlets,0.9972598552703857
img_02910.jpg,19,taro_ball,0.9971691966056824
img_02911.jpg,17,sweet_potato_ball,0.9945371747016907
img_02912.jpg,21,turkey_rice,0.9904972314834595
img_02913.jpg,5,egg_pancake_roll,0.9891539216041565
img_02914.jpg,8,mango_shaved_ice,0.996029257774353
img_02915.jpg,10,oyster_omelet,0.9958600401878357
img_02916.jpg,8,mango_shaved_ice,0.9934746623039246
img_02917.jpg,1,braised_pork_over_rice,0.9891355037689209
img_02918.jpg,18,tanghulu,0.9962014555931091
img_02919.jpg,0,beef_noodles,0.9976699948310852
img_02920.jpg,16,stinky_tofu,0.9984857439994812
img_02921.jpg,9,mochi,0.9901469349861145
img_02922.jpg,4,deep-fried_chicken_cutlets,0.9958754181861877
img_02923.jpg,17,sweet_potato_ball,0.9926009774208069
img_02924.jpg,24,yolk_pastry,0.9930914640426636
img_02925.jpg,3,coffin_toast,0.9931057095527649
img_02926.jpg,18,tanghulu,0.9938581585884094
img_02927.jpg,23,xiaolongbao,0.9873291254043579
img_02928.jpg,5,egg_pancake_roll,0.9969016313552856
img_02929.jpg,23,xiaolongbao,0.990540623664856
img_02930.jpg,1,braised_pork_over_rice,0.9936951994895935
img_02931.jpg,15,scallion_pancake,0.9878514409065247
img_02932.jpg,22,turnip_cake,0.9918481111526489
img_02933.jpg,10,oyster_omelet,0.9940195083618164
img_02934.jpg,15,scallion_pancake,0.9948287606239319
img_02935.jpg,22,turnip_cake,0.9947792291641235
img_02936.jpg,23,xiaolongbao,0.9925124645233154
img_02937.jpg,7,iron_egg,0.9950651526451111
img_02938.jpg,22,turnip_cake,0.9945276379585266
img_02939.jpg,13,potsticker,0.9709843993186951
img_02940.jpg,1,braised_pork_over_rice,0.9512080550193787
img_02941.jpg,19,taro_ball,0.9955743551254272
img_02942.jpg,24,yolk_pastry,0.9947264790534973
img_02943.jpg,22,turnip_cake,0.9963412880897522
img_02944.jpg,4,deep-fried_chicken_cutlets,0.9974281191825867
img_02945.jpg,3,coffin_toast,0.9922142624855042
img_02946.jpg,8,mango_shaved_ice,0.9965441823005676
img_02947.jpg,11,papaya_milk,0.994962215423584
img_02948.jpg,22,turnip_cake,0.9968938827514648
img_02949.jpg,8,mango_shaved_ice,0.9876113533973694
img_02950.jpg,6,grilled_taiwanese_sausage,0.9916967153549194
img_02951.jpg,16,stinky_tofu,0.9983275532722473
img_02952.jpg,24,yolk_pastry,0.9890936613082886
img_02953.jpg,23,xiaolongbao,0.9922549724578857
img_02954.jpg,15,scallion_pancake,0.9948040843009949
img_02955.jpg,7,iron_egg,0.9922071099281311
img_02956.jpg,24,yolk_pastry,0.9937852621078491
img_02957.jpg,9,mochi,0.8353856205940247
img_02958.jpg,6,grilled_taiwanese_sausage,0.9949969053268433
img_02959.jpg,23,xiaolongbao,0.9850428104400635
img_02960.jpg,24,yolk_pastry,0.9935200810432434
img_02961.jpg,4,deep-fried_chicken_cutlets,0.996371865272522
img_02962.jpg,24,yolk_pastry,0.9931722283363342
img_02963.jpg,6,grilled_taiwanese_sausage,0.9966611862182617
img_02964.jpg,23,xiaolongbao,0.9943653345108032
img_02965.jpg,9,mochi,0.9796314835548401
img_02966.jpg,5,egg_pancake_roll,0.9786293506622314
img_02967.jpg,15,scallion_pancake,0.9971758127212524
img_02968.jpg,19,taro_ball,0.9955909252166748
img_02969.jpg,7,iron_egg,0.9951115250587463
img_02970.jpg,17,sweet_potato_ball,0.9936100840568542
img_02971.jpg,20,three-cup_chicken,0.9910404086112976
img_02972.jpg,23,xiaolongbao,0.9950209856033325
img_02973.jpg,21,turkey_rice,0.9804365038871765
img_02974.jpg,3,coffin_toast,0.9915810227394104
img_02975.jpg,16,stinky_tofu,0.9993606209754944
img_02976.jpg,20,three-cup_chicken,0.9933678507804871
img_02977.jpg,3,coffin_toast,0.8584573864936829
img_02978.jpg,3,coffin_toast,0.9864628911018372
img_02979.jpg,3,coffin_toast,0.9963160157203674
img_02980.jpg,8,mango_shaved_ice,0.9691325426101685
img_02981.jpg,24,yolk_pastry,0.9751399159431458
img_02982.jpg,21,turkey_rice,0.9949217438697815
img_02983.jpg,16,stinky_tofu,0.9794070720672607
img_02984.jpg,7,iron_egg,0.9920410513877869
img_02985.jpg,17,sweet_potato_ball,0.9962539672851562
img_02986.jpg,16,stinky_tofu,0.9980204105377197
img_02987.jpg,13,potsticker,0.8337078094482422
img_02988.jpg,11,papaya_milk,0.9975437521934509
img_02989.jpg,20,three-cup_chicken,0.997646152973175
img_02990.jpg,23,xiaolongbao,0.9940444827079773
img_02991.jpg,19,taro_ball,0.9973305463790894
img_02992.jpg,1,braised_pork_over_rice,0.9548672437667847
img_02993.jpg,23,xiaolongbao,0.9929511547088623
img_02994.jpg,23,xiaolongbao,0.9897700548171997
img_02995.jpg,4,deep-fried_chicken_cutlets,0.9973262548446655
img_02996.jpg,4,deep-fried_chicken_cutlets,0.9942480325698853
img_02997.jpg,10,oyster_omelet,0.9948140382766724
img_02998.jpg,7,iron_egg,0.9912014007568359
img_02999.jpg,4,deep-fried_chicken_cutlets,0.9963853359222412
img_03000.jpg,17,sweet_potato_ball,0.990577220916748
img_03001.jpg,17,sweet_potato_ball,0.9912136197090149
img_03002.jpg,21,turkey_rice,0.9925590753555298
img_03003.jpg,0,beef_noodles,0.9977490305900574
img_03004.jpg,16,stinky_tofu,0.9915205836296082
img_03005.jpg,0,beef_noodles,0.5923480987548828
img_03006.jpg,9,mochi,0.996505618095398
img_03007.jpg,18,tanghulu,0.996776282787323
img_03008.jpg,16,stinky_tofu,0.986426591873169
img_03009.jpg,2,bubble_tea,0.998833954334259
img_03010.jpg,11,papaya_milk,0.9950398802757263
img_03011.jpg,14,rice_dumpling,0.9267604947090149
img_03012.jpg,19,taro_ball,0.9959542751312256
img_03013.jpg,17,sweet_potato_ball,0.9929003715515137
img_03014.jpg,2,bubble_tea,0.9947804808616638
img_03015.jpg,18,tanghulu,0.9980316758155823
img_03016.jpg,18,tanghulu,0.9854909181594849
img_03017.jpg,8,mango_shaved_ice,0.9957242012023926
img_03018.jpg,11,papaya_milk,0.995477020740509
img_03019.jpg,23,xiaolongbao,0.9925165772438049
img_03020.jpg,17,sweet_potato_ball,0.990575909614563
img_03021.jpg,15,scallion_pancake,0.9876865148544312
img_03022.jpg,21,turkey_rice,0.9928843975067139
img_03023.jpg,2,bubble_tea,0.9942896366119385
img_03024.jpg,8,mango_shaved_ice,0.9861112833023071
img_03025.jpg,23,xiaolongbao,0.9940277338027954
img_03026.jpg,21,turkey_rice,0.9909361004829407
img_03027.jpg,14,rice_dumpling,0.9881554841995239
img_03028.jpg,20,three-cup_chicken,0.9955578446388245
img_03029.jpg,7,iron_egg,0.9949291944503784
img_03030.jpg,3,coffin_toast,0.995735764503479
img_03031.jpg,20,three-cup_chicken,0.9980916380882263
img_03032.jpg,12,pineapple_cake,0.9913655519485474
img_03033.jpg,1,braised_pork_over_rice,0.9203810691833496
img_03034.jpg,24,yolk_pastry,0.9947858452796936
img_03035.jpg,3,coffin_toast,0.9926068782806396
img_03036.jpg,13,potsticker,0.9850941896438599
img_03037.jpg,17,sweet_potato_ball,0.9923344254493713
img_03038.jpg,15,scallion_pancake,0.9873473644256592
img_03039.jpg,5,egg_pancake_roll,0.9897353649139404
img_03040.jpg,6,grilled_taiwanese_sausage,0.9873256683349609
img_03041.jpg,8,mango_shaved_ice,0.9963284134864807
img_03042.jpg,14,rice_dumpling,0.9895558953285217
img_03043.jpg,11,papaya_milk,0.9967420697212219
img_03044.jpg,2,bubble_tea,0.992468535900116
img_03045.jpg,17,sweet_potato_ball,0.99240642786026
img_03046.jpg,17,sweet_potato_ball,0.9970676302909851
img_03047.jpg,7,iron_egg,0.9924077987670898
img_03048.jpg,13,potsticker,0.9739115834236145
img_03049.jpg,22,turnip_cake,0.9981333613395691
img_03050.jpg,18,tanghulu,0.9986284971237183
img_03051.jpg,12,pineapple_cake,0.9912051558494568
img_03052.jpg,14,rice_dumpling,0.9817399978637695
img_03053.jpg,7,iron_egg,0.9954942464828491
img_03054.jpg,8,mango_shaved_ice,0.9757375717163086
img_03055.jpg,8,mango_shaved_ice,0.995618999004364
img_03056.jpg,20,three-cup_chicken,0.9976230263710022
img_03057.jpg,7,iron_egg,0.987895131111145
img_03058.jpg,7,iron_egg,0.9935588240623474
img_03059.jpg,3,coffin_toast,0.9935712814331055
img_03060.jpg,13,potsticker,0.9660996198654175
img_03061.jpg,11,papaya_milk,0.9832806587219238
img_03062.jpg,16,stinky_tofu,0.9993144273757935
img_03063.jpg,24,yolk_pastry,0.9774928689002991
img_03064.jpg,21,turkey_rice,0.9950062036514282
img_03065.jpg,15,scallion_pancake,0.983660876750946
img_03066.jpg,5,egg_pancake_roll,0.990993082523346
img_03067.jpg,22,turnip_cake,0.9932509064674377
img_03068.jpg,3,coffin_toast,0.9915579557418823
img_03069.jpg,13,potsticker,0.9802274107933044
img_03070.jpg,22,turnip_cake,0.9893081784248352
img_03071.jpg,1,braised_pork_over_rice,0.9811856150627136
img_03072.jpg,15,scallion_pancake,0.992895781993866
img_03073.jpg,7,iron_egg,0.9936849474906921
img_03074.jpg,2,bubble_tea,0.9965993762016296
img_03075.jpg,21,turkey_rice,0.9909033179283142
img_03076.jpg,1,braised_pork_over_rice,0.9904137253761292
img_03077.jpg,23,xiaolongbao,0.9909942746162415
img_03078.jpg,10,oyster_omelet,0.9984583854675293
img_03079.jpg,10,oyster_omelet,0.9901421666145325
img_03080.jpg,23,xiaolongbao,0.9904999136924744
img_03081.jpg,6,grilled_taiwanese_sausage,0.9960446357727051
img_03082.jpg,4,deep-fried_chicken_cutlets,0.9960640072822571
img_03083.jpg,14,rice_dumpling,0.9983872175216675
img_03084.jpg,12,pineapple_cake,0.9943418502807617
img_03085.jpg,9,mochi,0.993480920791626
img_03086.jpg,0,beef_noodles,0.9937693476676941
img_03087.jpg,17,sweet_potato_ball,0.9835679531097412
img_03088.jpg,18,tanghulu,0.9985620379447937
img_03089.jpg,12,pineapple_cake,0.9123400449752808
img_03090.jpg,9,mochi,0.9982900023460388
img_03091.jpg,8,mango_shaved_ice,0.9968340992927551
img_03092.jpg,10,oyster_omelet,0.9959273934364319
img_03093.jpg,12,pineapple_cake,0.9914199113845825
img_03094.jpg,18,tanghulu,0.997794508934021
img_03095.jpg,19,taro_ball,0.9985328912734985
img_03096.jpg,22,turnip_cake,0.9924690127372742
img_03097.jpg,1,braised_pork_over_rice,0.990625262260437
img_03098.jpg,6,grilled_taiwanese_sausage,0.9922733902931213
img_03099.jpg,22,turnip_cake,0.9981794357299805
img_03100.jpg,1,braised_pork_over_rice,0.9721054434776306
img_03101.jpg,0,beef_noodles,0.9968838095664978
img_03102.jpg,22,turnip_cake,0.9927802681922913
img_03103.jpg,9,mochi,0.9918084740638733
img_03104.jpg,6,grilled_taiwanese_sausage,0.9508901238441467
img_03105.jpg,1,braised_pork_over_rice,0.988807201385498
img_03106.jpg,17,sweet_potato_ball,0.9890919923782349
img_03107.jpg,7,iron_egg,0.9942223429679871
img_03108.jpg,1,braised_pork_over_rice,0.995780348777771
img_03109.jpg,23,xiaolongbao,0.9953719973564148
img_03110.jpg,5,egg_pancake_roll,0.9924713373184204
img_03111.jpg,6,grilled_taiwanese_sausage,0.9924339056015015
img_03112.jpg,13,potsticker,0.977390468120575
img_03113.jpg,21,turkey_rice,0.9899454712867737
img_03114.jpg,23,xiaolongbao,0.9913151860237122
img_03115.jpg,1,braised_pork_over_rice,0.990136444568634
img_03116.jpg,9,mochi,0.9834191799163818
img_03117.jpg,3,coffin_toast,0.9929278492927551
img_03118.jpg,6,grilled_taiwanese_sausage,0.9937853813171387
img_03119.jpg,23,xiaolongbao,0.9915763735771179
img_03120.jpg,23,xiaolongbao,0.9884595274925232
img_03121.jpg,13,potsticker,0.9914076924324036
img_03122.jpg,23,xiaolongbao,0.9901272058486938
img_03123.jpg,13,potsticker,0.9903621673583984
img_03124.jpg,22,turnip_cake,0.9965337514877319
img_03125.jpg,14,rice_dumpling,0.997810423374176
img_03126.jpg,9,mochi,0.9927214980125427
img_03127.jpg,20,three-cup_chicken,0.9782156348228455
img_03128.jpg,21,turkey_rice,0.9900739192962646
img_03129.jpg,12,pineapple_cake,0.992998480796814
img_03130.jpg,17,sweet_potato_ball,0.9582197070121765
img_03131.jpg,9,mochi,0.9971344470977783
img_03132.jpg,10,oyster_omelet,0.9937124848365784
img_03133.jpg,13,potsticker,0.9879031777381897
img_03134.jpg,3,coffin_toast,0.9949797987937927
img_03135.jpg,19,taro_ball,0.993719220161438
img_03136.jpg,14,rice_dumpling,0.9852076768875122
img_03137.jpg,16,stinky_tofu,0.9975214600563049
img_03138.jpg,24,yolk_pastry,0.9947360157966614
img_03139.jpg,3,coffin_toast,0.989282488822937
img_03140.jpg,13,potsticker,0.9390150308609009
img_03141.jpg,3,coffin_toast,0.9949162006378174
img_03142.jpg,4,deep-fried_chicken_cutlets,0.9973469972610474
img_03143.jpg,5,egg_pancake_roll,0.9812712073326111
img_03144.jpg,3,coffin_toast,0.9946063160896301
img_03145.jpg,2,bubble_tea,0.9960864782333374
img_03146.jpg,18,tanghulu,0.9968007802963257
img_03147.jpg,18,tanghulu,0.993423581123352
img_03148.jpg,13,potsticker,0.9837355613708496
img_03149.jpg,15,scallion_pancake,0.9942163228988647
img_03150.jpg,7,iron_egg,0.9951971173286438
img_03151.jpg,7,iron_egg,0.9955846667289734
img_03152.jpg,23,xiaolongbao,0.9935336112976074
img_03153.jpg,10,oyster_omelet,0.9536730051040649
img_03154.jpg,17,sweet_potato_ball,0.9962246417999268
img_03155.jpg,2,bubble_tea,0.9974588751792908
img_03156.jpg,17,sweet_potato_ball,0.997010350227356
img_03157.jpg,10,oyster_omelet,0.9953077435493469
img_03158.jpg,1,braised_pork_over_rice,0.9882320761680603
img_03159.jpg,3,coffin_toast,0.9908396601676941
img_03160.jpg,7,iron_egg,0.9953433275222778
img_03161.jpg,21,turkey_rice,0.9909670948982239
img_03162.jpg,23,xiaolongbao,0.9892292618751526
img_03163.jpg,22,turnip_cake,0.9829722046852112
img_03164.jpg,6,grilled_taiwanese_sausage,0.9956254959106445
img_03165.jpg,19,taro_ball,0.996037483215332
img_03166.jpg,1,braised_pork_over_rice,0.9752114415168762
img_03167.jpg,11,papaya_milk,0.9967812299728394
img_03168.jpg,21,turkey_rice,0.9901476502418518
img_03169.jpg,12,pineapple_cake,0.9930064678192139
img_03170.jpg,9,mochi,0.9550756216049194
img_03171.jpg,5,egg_pancake_roll,0.9808557629585266
img_03172.jpg,2,bubble_tea,0.9952517747879028
img_03173.jpg,9,mochi,0.9949599504470825
img_03174.jpg,21,turkey_rice,0.9894201755523682
img_03175.jpg,24,yolk_pastry,0.9943283200263977
img_03176.jpg,14,rice_dumpling,0.9937549829483032
img_03177.jpg,9,mochi,0.9859354496002197
img_03178.jpg,13,potsticker,0.9831200838088989
img_03179.jpg,3,coffin_toast,0.995995283126831
img_03180.jpg,6,grilled_taiwanese_sausage,0.987797200679779
img_03181.jpg,0,beef_noodles,0.9943655729293823
img_03182.jpg,8,mango_shaved_ice,0.9975947737693787
img_03183.jpg,19,taro_ball,0.9886714220046997
img_03184.jpg,16,stinky_tofu,0.9990034699440002
img_03185.jpg,8,mango_shaved_ice,0.9951382875442505
img_03186.jpg,13,potsticker,0.8839594125747681
img_03187.jpg,22,turnip_cake,0.9968321919441223
img_03188.jpg,8,mango_shaved_ice,0.9979901313781738
img_03189.jpg,12,pineapple_cake,0.9618749022483826
img_03190.jpg,9,mochi,0.9909935593605042
img_03191.jpg,12,pineapple_cake,0.9942910671234131
img_03192.jpg,6,grilled_taiwanese_sausage,0.9855390787124634
img_03193.jpg,1,braised_pork_over_rice,0.9651026129722595
img_03194.jpg,9,mochi,0.9970092177391052
img_03195.jpg,24,yolk_pastry,0.9927783608436584
img_03196.jpg,9,mochi,0.976635217666626
img_03197.jpg,0,beef_noodles,0.9807090759277344
img_03198.jpg,15,scallion_pancake,0.9939175844192505
img_03199.jpg,8,mango_shaved_ice,0.9972686767578125
img_03200.jpg,23,xiaolongbao,0.9932821989059448
img_03201.jpg,23,xiaolongbao,0.9937252402305603
img_03202.jpg,14,rice_dumpling,0.9977667331695557
img_03203.jpg,11,papaya_milk,0.9973961114883423
img_03204.jpg,21,turkey_rice,0.9776355624198914
img_03205.jpg,19,taro_ball,0.9946479201316833
img_03206.jpg,22,turnip_cake,0.9930354952812195
img_03207.jpg,11,papaya_milk,0.9962254762649536
img_03208.jpg,23,xiaolongbao,0.9934832453727722
img_03209.jpg,2,bubble_tea,0.996010422706604
img_03210.jpg,23,xiaolongbao,0.9929206967353821
img_03211.jpg,24,yolk_pastry,0.9897598624229431
img_03212.jpg,24,yolk_pastry,0.9936981797218323
img_03213.jpg,10,oyster_omelet,0.9974161386489868
img_03214.jpg,16,stinky_tofu,0.9995868802070618
img_03215.jpg,2,bubble_tea,0.9931573271751404
img_03216.jpg,18,tanghulu,0.9973751306533813
img_03217.jpg,6,grilled_taiwanese_sausage,0.9938154220581055
img_03218.jpg,5,egg_pancake_roll,0.9898667335510254
img_03219.jpg,16,stinky_tofu,0.9824632406234741
img_03220.jpg,22,turnip_cake,0.9496412873268127
img_03221.jpg,17,sweet_potato_ball,0.9956483244895935
img_03222.jpg,4,deep-fried_chicken_cutlets,0.9985364675521851
img_03223.jpg,6,grilled_taiwanese_sausage,0.9936313033103943
img_03224.jpg,24,yolk_pastry,0.9816619753837585
img_03225.jpg,0,beef_noodles,0.9956263303756714
img_03226.jpg,1,braised_pork_over_rice,0.9647389650344849
img_03227.jpg,12,pineapple_cake,0.9913603663444519
img_03228.jpg,8,mango_shaved_ice,0.9961870312690735
img_03229.jpg,4,deep-fried_chicken_cutlets,0.9730455279350281
img_03230.jpg,0,beef_noodles,0.9962384700775146
img_03231.jpg,6,grilled_taiwanese_sausage,0.9396132826805115
img_03232.jpg,23,xiaolongbao,0.9934309124946594
img_03233.jpg,11,papaya_milk,0.9953699707984924
img_03234.jpg,22,turnip_cake,0.9865416288375854
img_03235.jpg,24,yolk_pastry,0.795110285282135
img_03236.jpg,23,xiaolongbao,0.9928901195526123
img_03237.jpg,14,rice_dumpling,0.998276948928833
img_03238.jpg,6,grilled_taiwanese_sausage,0.9951333403587341
img_03239.jpg,2,bubble_tea,0.9969872832298279
img_03240.jpg,9,mochi,0.9942247271537781
img_03241.jpg,20,three-cup_chicken,0.9974613189697266
img_03242.jpg,2,bubble_tea,0.9939475059509277
img_03243.jpg,10,oyster_omelet,0.9973451495170593
img_03244.jpg,16,stinky_tofu,0.9672321677207947
img_03245.jpg,4,deep-fried_chicken_cutlets,0.9965773224830627
img_03246.jpg,5,egg_pancake_roll,0.9814918637275696
img_03247.jpg,8,mango_shaved_ice,0.9954505562782288
img_03248.jpg,21,turkey_rice,0.9802142381668091
img_03249.jpg,19,taro_ball,0.9942751526832581
img_03250.jpg,22,turnip_cake,0.9926095604896545
img_03251.jpg,9,mochi,0.995496392250061
img_03252.jpg,14,rice_dumpling,0.9985226988792419
img_03253.jpg,9,mochi,0.9946193695068359
img_03254.jpg,5,egg_pancake_roll,0.9909380674362183
img_03255.jpg,1,braised_pork_over_rice,0.9860585331916809
img_03256.jpg,14,rice_dumpling,0.9983919262886047
img_03257.jpg,24,yolk_pastry,0.9833962321281433
img_03258.jpg,13,potsticker,0.9838640689849854
img_03259.jpg,16,stinky_tofu,0.9971713423728943
img_03260.jpg,24,yolk_pastry,0.9844374656677246
img_03261.jpg,3,coffin_toast,0.9948622584342957
img_03262.jpg,1,braised_pork_over_rice,0.9931851029396057
img_03263.jpg,1,braised_pork_over_rice,0.9896054267883301
img_03264.jpg,12,pineapple_cake,0.9951948523521423
img_03265.jpg,23,xiaolongbao,0.9921171069145203
img_03266.jpg,16,stinky_tofu,0.9979384541511536
img_03267.jpg,20,three-cup_chicken,0.9977370500564575
img_03268.jpg,15,scallion_pancake,0.9942263960838318
img_03269.jpg,6,grilled_taiwanese_sausage,0.9939126372337341
img_03270.jpg,7,iron_egg,0.9942489862442017
img_03271.jpg,3,coffin_toast,0.9900203943252563
img_03272.jpg,7,iron_egg,0.9952658414840698
img_03273.jpg,17,sweet_potato_ball,0.9954764246940613
img_03274.jpg,8,mango_shaved_ice,0.9933112859725952
img_03275.jpg,8,mango_shaved_ice,0.9953408241271973
img_03276.jpg,4,deep-fried_chicken_cutlets,0.9971097111701965
img_03277.jpg,23,xiaolongbao,0.9898872971534729
img_03278.jpg,20,three-cup_chicken,0.9962767958641052
img_03279.jpg,18,tanghulu,0.9957228899002075
img_03280.jpg,0,beef_noodles,0.9967256784439087
img_03281.jpg,19,taro_ball,0.9960653185844421
img_03282.jpg,22,turnip_cake,0.9948779344558716
img_03283.jpg,24,yolk_pastry,0.9945266842842102
img_03284.jpg,20,three-cup_chicken,0.9978931546211243
img_03285.jpg,8,mango_shaved_ice,0.9970826506614685
img_03286.jpg,14,rice_dumpling,0.9948318004608154
img_03287.jpg,12,pineapple_cake,0.9899076223373413
img_03288.jpg,19,taro_ball,0.9976515173912048
img_03289.jpg,21,turkey_rice,0.9757367372512817
img_03290.jpg,0,beef_noodles,0.9864124059677124
img_03291.jpg,7,iron_egg,0.9951606392860413
img_03292.jpg,7,iron_egg,0.9950990080833435
img_03293.jpg,19,taro_ball,0.9923766255378723
img_03294.jpg,16,stinky_tofu,0.9934895038604736
img_03295.jpg,15,scallion_pancake,0.9835166335105896
img_03296.jpg,20,three-cup_chicken,0.9981471300125122
img_03297.jpg,3,coffin_toast,0.9940239787101746
img_03298.jpg,20,three-cup_chicken,0.9936406016349792
img_03299.jpg,5,egg_pancake_roll,0.9882054328918457
img_03300.jpg,14,rice_dumpling,0.9961048364639282
img_03301.jpg,14,rice_dumpling,0.9955675005912781
img_03302.jpg,13,potsticker,0.9936785101890564
img_03303.jpg,0,beef_noodles,0.9958536624908447
img_03304.jpg,11,papaya_milk,0.9937547445297241
img_03305.jpg,13,potsticker,0.9769598245620728
img_03306.jpg,22,turnip_cake,0.997938334941864
img_03307.jpg,13,potsticker,0.9749294519424438
img_03308.jpg,13,potsticker,0.8648392558097839
img_03309.jpg,19,taro_ball,0.9982957243919373
img_03310.jpg,12,pineapple_cake,0.9948161244392395
img_03311.jpg,9,mochi,0.9966699481010437
img_03312.jpg,17,sweet_potato_ball,0.9922996163368225
img_03313.jpg,4,deep-fried_chicken_cutlets,0.9968397617340088
img_03314.jpg,12,pineapple_cake,0.9746838808059692
img_03315.jpg,5,egg_pancake_roll,0.9594465494155884
img_03316.jpg,16,stinky_tofu,0.998344898223877
img_03317.jpg,21,turkey_rice,0.9838258624076843
img_03318.jpg,7,iron_egg,0.9947358965873718
img_03319.jpg,17,sweet_potato_ball,0.9948683977127075
img_03320.jpg,7,iron_egg,0.9956198334693909
img_03321.jpg,18,tanghulu,0.994024932384491
img_03322.jpg,4,deep-fried_chicken_cutlets,0.9972884654998779
img_03323.jpg,10,oyster_omelet,0.995267927646637
img_03324.jpg,23,xiaolongbao,0.9934697151184082
img_03325.jpg,3,coffin_toast,0.9897024631500244
img_03326.jpg,24,yolk_pastry,0.9880367517471313
img_03327.jpg,10,oyster_omelet,0.9964480400085449
img_03328.jpg,12,pineapple_cake,0.9929846525192261
img_03329.jpg,2,bubble_tea,0.9948746562004089
img_03330.jpg,23,xiaolongbao,0.990740180015564
img_03331.jpg,6,grilled_taiwanese_sausage,0.9953106045722961
img_03332.jpg,12,pineapple_cake,0.9671754837036133
img_03333.jpg,19,taro_ball,0.9954220652580261
img_03334.jpg,22,turnip_cake,0.9955477714538574
img_03335.jpg,15,scallion_pancake,0.9972038269042969
img_03336.jpg,8,mango_shaved_ice,0.9937272071838379
img_03337.jpg,16,stinky_tofu,0.9965233206748962
img_03338.jpg,14,rice_dumpling,0.9955872297286987
img_03339.jpg,7,iron_egg,0.995429277420044
img_03340.jpg,20,three-cup_chicken,0.9962537288665771
img_03341.jpg,18,tanghulu,0.9962708950042725
img_03342.jpg,21,turkey_rice,0.9926257729530334
img_03343.jpg,21,turkey_rice,0.9926797151565552
img_03344.jpg,23,xiaolongbao,0.9934893846511841
img_03345.jpg,12,pineapple_cake,0.9900103211402893
img_03346.jpg,12,pineapple_cake,0.9872819781303406
img_03347.jpg,1,braised_pork_over_rice,0.9879701137542725
img_03348.jpg,24,yolk_pastry,0.9907748103141785
img_03349.jpg,24,yolk_pastry,0.9800523519515991
img_03350.jpg,17,sweet_potato_ball,0.9713160395622253
img_03351.jpg,7,iron_egg,0.9950863718986511
img_03352.jpg,15,scallion_pancake,0.9956491589546204
img_03353.jpg,15,scallion_pancake,0.9950464963912964
img_03354.jpg,2,bubble_tea,0.994724452495575
img_03355.jpg,9,mochi,0.9960921406745911
img_03356.jpg,21,turkey_rice,0.9867061972618103
img_03357.jpg,1,braised_pork_over_rice,0.9937267303466797
img_03358.jpg,21,turkey_rice,0.9816104173660278
img_03359.jpg,1,braised_pork_over_rice,0.9882532954216003
img_03360.jpg,10,oyster_omelet,0.9916360378265381
img_03361.jpg,14,rice_dumpling,0.9883480668067932
img_03362.jpg,3,coffin_toast,0.9925094842910767
img_03363.jpg,8,mango_shaved_ice,0.9963288903236389
img_03364.jpg,23,xiaolongbao,0.9905726313591003
img_03365.jpg,14,rice_dumpling,0.9939199686050415
img_03366.jpg,20,three-cup_chicken,0.9977654218673706
img_03367.jpg,9,mochi,0.9887837767601013
img_03368.jpg,6,grilled_taiwanese_sausage,0.9981064796447754
img_03369.jpg,2,bubble_tea,0.9955015778541565
img_03370.jpg,24,yolk_pastry,0.9916885495185852
img_03371.jpg,8,mango_shaved_ice,0.9973082542419434
img_03372.jpg,22,turnip_cake,0.9969596862792969
img_03373.jpg,9,mochi,0.9910883903503418
img_03374.jpg,7,iron_egg,0.9953515529632568
img_03375.jpg,22,turnip_cake,0.9983336329460144
img_03376.jpg,4,deep-fried_chicken_cutlets,0.9966439008712769
img_03377.jpg,9,mochi,0.7536510229110718
img_03378.jpg,9,mochi,0.6185116767883301
img_03379.jpg,4,deep-fried_chicken_cutlets,0.99111008644104
img_03380.jpg,19,taro_ball,0.9983273148536682
img_03381.jpg,11,papaya_milk,0.9975927472114563
img_03382.jpg,16,stinky_tofu,0.9949118494987488
img_03383.jpg,14,rice_dumpling,0.9927977919578552
img_03384.jpg,16,stinky_tofu,0.9410104751586914
img_03385.jpg,23,xiaolongbao,0.9852541089057922
img_03386.jpg,15,scallion_pancake,0.9953479170799255
img_03387.jpg,17,sweet_potato_ball,0.9922358393669128
img_03388.jpg,21,turkey_rice,0.9910942912101746
img_03389.jpg,9,mochi,0.9943751096725464
img_03390.jpg,13,potsticker,0.9954356551170349
img_03391.jpg,10,oyster_omelet,0.996350884437561
img_03392.jpg,18,tanghulu,0.9982950091362
img_03393.jpg,23,xiaolongbao,0.9877805709838867
img_03394.jpg,11,papaya_milk,0.9900493621826172
img_03395.jpg,22,turnip_cake,0.995882511138916
img_03396.jpg,18,tanghulu,0.9933381080627441
img_03397.jpg,24,yolk_pastry,0.9929165840148926
img_03398.jpg,15,scallion_pancake,0.9894372224807739
img_03399.jpg,11,papaya_milk,0.9950019717216492
img_03400.jpg,21,turkey_rice,0.9876463413238525
img_03401.jpg,13,potsticker,0.9899896383285522
img_03402.jpg,13,potsticker,0.981827437877655
img_03403.jpg,5,egg_pancake_roll,0.8813450932502747
img_03404.jpg,2,bubble_tea,0.9983056783676147
img_03405.jpg,1,braised_pork_over_rice,0.9926066398620605
img_03406.jpg,3,coffin_toast,0.9550322890281677
img_03407.jpg,13,potsticker,0.99324631690979
img_03408.jpg,6,grilled_taiwanese_sausage,0.9949072003364563
img_03409.jpg,1,braised_pork_over_rice,0.9843152165412903
img_03410.jpg,1,braised_pork_over_rice,0.992392897605896
img_03411.jpg,18,tanghulu,0.9969596862792969
img_03412.jpg,17,sweet_potato_ball,0.8698680400848389
img_03413.jpg,10,oyster_omelet,0.9981354475021362
img_03414.jpg,2,bubble_tea,0.9925196170806885
img_03415.jpg,14,rice_dumpling,0.9620805978775024
img_03416.jpg,24,yolk_pastry,0.9896965026855469
img_03417.jpg,8,mango_shaved_ice,0.9967278242111206
img_03418.jpg,24,yolk_pastry,0.9927603006362915
img_03419.jpg,1,braised_pork_over_rice,0.9946557283401489
img_03420.jpg,0,beef_noodles,0.992364764213562
img_03421.jpg,13,potsticker,0.9858465790748596
img_03422.jpg,24,yolk_pastry,0.9909880757331848
img_03423.jpg,23,xiaolongbao,0.9958158135414124
img_03424.jpg,11,papaya_milk,0.9970483183860779
img_03425.jpg,14,rice_dumpling,0.998043417930603
img_03426.jpg,16,stinky_tofu,0.9987034797668457
img_03427.jpg,15,scallion_pancake,0.9804970026016235
img_03428.jpg,0,beef_noodles,0.9905339479446411
img_03429.jpg,24,yolk_pastry,0.9933302998542786
img_03430.jpg,4,deep-fried_chicken_cutlets,0.9969274401664734
img_03431.jpg,10,oyster_omelet,0.9962581396102905
img_03432.jpg,9,mochi,0.9984790682792664
img_03433.jpg,22,turnip_cake,0.9982584118843079
img_03434.jpg,12,pineapple_cake,0.8591992259025574
img_03435.jpg,10,oyster_omelet,0.9740947484970093
img_03436.jpg,7,iron_egg,0.988602876663208
img_03437.jpg,16,stinky_tofu,0.9969680905342102
img_03438.jpg,22,turnip_cake,0.9785321950912476
img_03439.jpg,10,oyster_omelet,0.9941850304603577
img_03440.jpg,24,yolk_pastry,0.9890096783638
img_03441.jpg,21,turkey_rice,0.4378789961338043
img_03442.jpg,23,xiaolongbao,0.995750904083252
img_03443.jpg,22,turnip_cake,0.9966984391212463
img_03444.jpg,8,mango_shaved_ice,0.9960079193115234
img_03445.jpg,15,scallion_pancake,0.9939390420913696
img_03446.jpg,2,bubble_tea,0.9947680234909058
img_03447.jpg,1,braised_pork_over_rice,0.9603502750396729
img_03448.jpg,5,egg_pancake_roll,0.9925795197486877
img_03449.jpg,3,coffin_toast,0.9867045879364014
img_03450.jpg,23,xiaolongbao,0.991744339466095
img_03451.jpg,6,grilled_taiwanese_sausage,0.9919942617416382
img_03452.jpg,12,pineapple_cake,0.9961840510368347
img_03453.jpg,5,egg_pancake_roll,0.9884761571884155
img_03454.jpg,16,stinky_tofu,0.9942383766174316
img_03455.jpg,23,xiaolongbao,0.9910539984703064
img_03456.jpg,7,iron_egg,0.9963823556900024
img_03457.jpg,0,beef_noodles,0.9942552447319031
img_03458.jpg,2,bubble_tea,0.9954109787940979
img_03459.jpg,21,turkey_rice,0.9013422727584839
img_03460.jpg,14,rice_dumpling,0.9925640225410461
img_03461.jpg,2,bubble_tea,0.9979593753814697
img_03462.jpg,3,coffin_toast,0.9830982089042664
img_03463.jpg,17,sweet_potato_ball,0.8844560384750366
img_03464.jpg,23,xiaolongbao,0.9825871586799622
img_03465.jpg,18,tanghulu,0.9954066276550293
img_03466.jpg,2,bubble_tea,0.9945465326309204
img_03467.jpg,20,three-cup_chicken,0.9985283613204956
img_03468.jpg,22,turnip_cake,0.9892539978027344
img_03469.jpg,0,beef_noodles,0.9899147748947144
img_03470.jpg,12,pineapple_cake,0.9766728281974792
img_03471.jpg,19,taro_ball,0.99709153175354
img_03472.jpg,3,coffin_toast,0.9952635765075684
img_03473.jpg,16,stinky_tofu,0.9988783001899719
img_03474.jpg,20,three-cup_chicken,0.9965319633483887
img_03475.jpg,4,deep-fried_chicken_cutlets,0.994784414768219
img_03476.jpg,17,sweet_potato_ball,0.9910290241241455
img_03477.jpg,4,deep-fried_chicken_cutlets,0.9973856806755066
img_03478.jpg,24,yolk_pastry,0.989525318145752
img_03479.jpg,23,xiaolongbao,0.9735894203186035
img_03480.jpg,11,papaya_milk,0.99192214012146
img_03481.jpg,16,stinky_tofu,0.9959850311279297
img_03482.jpg,23,xiaolongbao,0.9927024841308594
img_03483.jpg,1,braised_pork_over_rice,0.9806565642356873
img_03484.jpg,22,turnip_cake,0.9931372404098511
img_03485.jpg,12,pineapple_cake,0.973924994468689
img_03486.jpg,16,stinky_tofu,0.9882934093475342
img_03487.jpg,2,bubble_tea,0.9917994737625122
img_03488.jpg,5,egg_pancake_roll,0.992583155632019
img_03489.jpg,7,iron_egg,0.9954845905303955
img_03490.jpg,16,stinky_tofu,0.9991438388824463
img_03491.jpg,0,beef_noodles,0.9971422553062439
img_03492.jpg,0,beef_noodles,0.9964131712913513
img_03493.jpg,12,pineapple_cake,0.9934671521186829
img_03494.jpg,24,yolk_pastry,0.9892365336418152
img_03495.jpg,13,potsticker,0.9811898469924927
img_03496.jpg,4,deep-fried_chicken_cutlets,0.9960301518440247
img_03497.jpg,14,rice_dumpling,0.9941662549972534
img_03498.jpg,24,yolk_pastry,0.9919338226318359
img_03499.jpg,18,tanghulu,0.9865019917488098
img_03500.jpg,17,sweet_potato_ball,0.9836836457252502
img_03501.jpg,18,tanghulu,0.9955081939697266
img_03502.jpg,2,bubble_tea,0.9968721270561218
img_03503.jpg,4,deep-fried_chicken_cutlets,0.9611015915870667
img_03504.jpg,5,egg_pancake_roll,0.9337318539619446
img_03505.jpg,8,mango_shaved_ice,0.9965834021568298
img_03506.jpg,1,braised_pork_over_rice,0.9888026118278503
img_03507.jpg,22,turnip_cake,0.997492790222168
img_03508.jpg,13,potsticker,0.9867602586746216
img_03509.jpg,21,turkey_rice,0.9908846020698547
img_03510.jpg,7,iron_egg,0.9198253750801086
img_03511.jpg,23,xiaolongbao,0.9919791221618652
img_03512.jpg,2,bubble_tea,0.9965547323226929
img_03513.jpg,7,iron_egg,0.9974653720855713
img_03514.jpg,23,xiaolongbao,0.9935166835784912
img_03515.jpg,5,egg_pancake_roll,0.989780068397522
img_03516.jpg,9,mochi,0.9914605617523193
img_03517.jpg,9,mochi,0.9935077428817749
img_03518.jpg,4,deep-fried_chicken_cutlets,0.9953595995903015
img_03519.jpg,7,iron_egg,0.9952644109725952
img_03520.jpg,19,taro_ball,0.9971043467521667
img_03521.jpg,0,beef_noodles,0.9961416125297546
img_03522.jpg,5,egg_pancake_roll,0.9745630621910095
img_03523.jpg,22,turnip_cake,0.9984254837036133
img_03524.jpg,13,potsticker,0.9852355718612671
img_03525.jpg,10,oyster_omelet,0.9972537159919739
img_03526.jpg,17,sweet_potato_ball,0.9962360262870789
img_03527.jpg,2,bubble_tea,0.9947822690010071
img_03528.jpg,14,rice_dumpling,0.9978126287460327
img_03529.jpg,23,xiaolongbao,0.9912325739860535
img_03530.jpg,20,three-cup_chicken,0.9986981153488159
img_03531.jpg,15,scallion_pancake,0.9878258109092712
img_03532.jpg,15,scallion_pancake,0.9909284710884094
img_03533.jpg,12,pineapple_cake,0.9944403767585754
img_03534.jpg,24,yolk_pastry,0.9931783676147461
img_03535.jpg,22,turnip_cake,0.9972659349441528
img_03536.jpg,14,rice_dumpling,0.9935503005981445
img_03537.jpg,15,scallion_pancake,0.9962767958641052
img_03538.jpg,14,rice_dumpling,0.9938061237335205
img_03539.jpg,7,iron_egg,0.9932218790054321
img_03540.jpg,9,mochi,0.9901853799819946
img_03541.jpg,8,mango_shaved_ice,0.9968572854995728
img_03542.jpg,2,bubble_tea,0.8469768762588501
img_03543.jpg,11,papaya_milk,0.9936258792877197
img_03544.jpg,20,three-cup_chicken,0.9985663294792175
img_03545.jpg,2,bubble_tea,0.996688187122345
img_03546.jpg,2,bubble_tea,0.9867283701896667
img_03547.jpg,10,oyster_omelet,0.9932450652122498
img_03548.jpg,6,grilled_taiwanese_sausage,0.9911497831344604
img_03549.jpg,0,beef_noodles,0.9984526634216309
img_03550.jpg,0,beef_noodles,0.9921720027923584
img_03551.jpg,3,coffin_toast,0.9907826781272888
img_03552.jpg,2,bubble_tea,0.9953781366348267
img_03553.jpg,21,turkey_rice,0.9896621704101562
img_03554.jpg,14,rice_dumpling,0.9950619339942932
img_03555.jpg,19,taro_ball,0.9956620335578918
img_03556.jpg,15,scallion_pancake,0.9959053993225098
img_03557.jpg,9,mochi,0.9818965196609497
img_03558.jpg,17,sweet_potato_ball,0.9635609984397888
img_03559.jpg,13,potsticker,0.984750509262085
img_03560.jpg,1,braised_pork_over_rice,0.993330180644989
img_03561.jpg,21,turkey_rice,0.9882607460021973
img_03562.jpg,4,deep-fried_chicken_cutlets,0.998559296131134
img_03563.jpg,22,turnip_cake,0.7160187363624573
img_03564.jpg,7,iron_egg,0.9945476055145264
img_03565.jpg,12,pineapple_cake,0.9927130341529846
img_03566.jpg,13,potsticker,0.9706771969795227
img_03567.jpg,0,beef_noodles,0.9956894516944885
img_03568.jpg,10,oyster_omelet,0.9975031018257141
img_03569.jpg,4,deep-fried_chicken_cutlets,0.996669590473175
img_03570.jpg,22,turnip_cake,0.9890634417533875
img_03571.jpg,23,xiaolongbao,0.9921425580978394
img_03572.jpg,7,iron_egg,0.9881044030189514
img_03573.jpg,13,potsticker,0.9879337549209595
img_03574.jpg,17,sweet_potato_ball,0.9968039989471436
img_03575.jpg,8,mango_shaved_ice,0.9957822561264038
img_03576.jpg,12,pineapple_cake,0.9951339364051819
img_03577.jpg,5,egg_pancake_roll,0.984070897102356
img_03578.jpg,21,turkey_rice,0.9899961948394775
img_03579.jpg,21,turkey_rice,0.9845965504646301
img_03580.jpg,22,turnip_cake,0.9976689219474792
img_03581.jpg,7,iron_egg,0.9936384558677673
img_03582.jpg,21,turkey_rice,0.9831452369689941
img_03583.jpg,2,bubble_tea,0.9950541257858276
img_03584.jpg,11,papaya_milk,0.9918692111968994
img_03585.jpg,21,turkey_rice,0.9868828654289246
img_03586.jpg,0,beef_noodles,0.9951736330986023
img_03587.jpg,8,mango_shaved_ice,0.9971222281455994
img_03588.jpg,16,stinky_tofu,0.9947751760482788
img_03589.jpg,23,xiaolongbao,0.9916056394577026
img_03590.jpg,1,braised_pork_over_rice,0.7876831293106079
img_03591.jpg,23,xiaolongbao,0.9939006567001343
img_03592.jpg,9,mochi,0.700052797794342
img_03593.jpg,18,tanghulu,0.9978553652763367
img_03594.jpg,8,mango_shaved_ice,0.9974173307418823
img_03595.jpg,20,three-cup_chicken,0.9961780309677124
img_03596.jpg,15,scallion_pancake,0.9852327108383179
img_03597.jpg,14,rice_dumpling,0.9942983984947205
img_03598.jpg,18,tanghulu,0.9963319897651672
img_03599.jpg,4,deep-fried_chicken_cutlets,0.9962034821510315
img_03600.jpg,16,stinky_tofu,0.9949118494987488
img_03601.jpg,3,coffin_toast,0.9929149150848389
img_03602.jpg,1,braised_pork_over_rice,0.9818066358566284
img_03603.jpg,9,mochi,0.9870404601097107
img_03604.jpg,2,bubble_tea,0.9973263740539551
img_03605.jpg,17,sweet_potato_ball,0.9950734972953796
img_03606.jpg,7,iron_egg,0.9980921149253845
img_03607.jpg,18,tanghulu,0.9967548251152039
img_03608.jpg,16,stinky_tofu,0.9923648834228516
img_03609.jpg,19,taro_ball,0.9984076619148254
img_03610.jpg,17,sweet_potato_ball,0.9976032376289368
img_03611.jpg,24,yolk_pastry,0.9897382855415344
img_03612.jpg,23,xiaolongbao,0.9943190217018127
img_03613.jpg,5,egg_pancake_roll,0.9750558137893677
img_03614.jpg,3,coffin_toast,0.9923536777496338
img_03615.jpg,17,sweet_potato_ball,0.9958634376525879
img_03616.jpg,5,egg_pancake_roll,0.9879604578018188
img_03617.jpg,10,oyster_omelet,0.9932777285575867
img_03618.jpg,23,xiaolongbao,0.9899176955223083
img_03619.jpg,7,iron_egg,0.994561493396759
img_03620.jpg,24,yolk_pastry,0.9886445999145508
img_03621.jpg,11,papaya_milk,0.9925248026847839
img_03622.jpg,16,stinky_tofu,0.9965645670890808
img_03623.jpg,2,bubble_tea,0.9973639845848083
img_03624.jpg,4,deep-fried_chicken_cutlets,0.9973621964454651
img_03625.jpg,3,coffin_toast,0.9911104440689087
img_03626.jpg,21,turkey_rice,0.9908667802810669
img_03627.jpg,16,stinky_tofu,0.9706321954727173
img_03628.jpg,24,yolk_pastry,0.9898476004600525
img_03629.jpg,23,xiaolongbao,0.9890190958976746
img_03630.jpg,1,braised_pork_over_rice,0.9882943630218506
img_03631.jpg,2,bubble_tea,0.9971478581428528
img_03632.jpg,15,scallion_pancake,0.9901453256607056
img_03633.jpg,7,iron_egg,0.998026430606842
img_03634.jpg,12,pineapple_cake,0.9875649809837341
img_03635.jpg,0,beef_noodles,0.9888534545898438
img_03636.jpg,24,yolk_pastry,0.9888816475868225
img_03637.jpg,16,stinky_tofu,0.9985495209693909
img_03638.jpg,6,grilled_taiwanese_sausage,0.9948659539222717
img_03639.jpg,0,beef_noodles,0.9932578802108765
img_03640.jpg,13,potsticker,0.9934828877449036
img_03641.jpg,13,potsticker,0.9786179065704346
img_03642.jpg,2,bubble_tea,0.9966521859169006
img_03643.jpg,23,xiaolongbao,0.9943438768386841
img_03644.jpg,2,bubble_tea,0.7988171577453613
img_03645.jpg,18,tanghulu,0.9935693740844727
img_03646.jpg,22,turnip_cake,0.996249258518219
img_03647.jpg,14,rice_dumpling,0.9951879978179932
img_03648.jpg,16,stinky_tofu,0.9922903180122375
img_03649.jpg,15,scallion_pancake,0.9896349310874939
img_03650.jpg,16,stinky_tofu,0.9970453381538391
img_03651.jpg,14,rice_dumpling,0.9986104965209961
img_03652.jpg,5,egg_pancake_roll,0.9805475473403931
img_03653.jpg,13,potsticker,0.9050253033638
img_03654.jpg,4,deep-fried_chicken_cutlets,0.9980448484420776
img_03655.jpg,13,potsticker,0.9834046959877014
img_03656.jpg,4,deep-fried_chicken_cutlets,0.9973613619804382
img_03657.jpg,7,iron_egg,0.994525671005249
img_03658.jpg,9,mochi,0.162956103682518
img_03659.jpg,13,potsticker,0.9947199821472168
img_03660.jpg,4,deep-fried_chicken_cutlets,0.9987466335296631
img_03661.jpg,17,sweet_potato_ball,0.9945406317710876
img_03662.jpg,16,stinky_tofu,0.9900824427604675
img_03663.jpg,6,grilled_taiwanese_sausage,0.9942336678504944
img_03664.jpg,17,sweet_potato_ball,0.9841659069061279
img_03665.jpg,10,oyster_omelet,0.9903581738471985
img_03666.jpg,15,scallion_pancake,0.994491457939148
img_03667.jpg,13,potsticker,0.9848297238349915
img_03668.jpg,23,xiaolongbao,0.9962038397789001
img_03669.jpg,20,three-cup_chicken,0.9915988445281982
img_03670.jpg,16,stinky_tofu,0.9993159770965576
img_03671.jpg,14,rice_dumpling,0.996896505355835
img_03672.jpg,18,tanghulu,0.9954818487167358
img_03673.jpg,19,taro_ball,0.9971188306808472
img_03674.jpg,0,beef_noodles,0.9926729798316956
img_03675.jpg,5,egg_pancake_roll,0.9752076268196106
img_03676.jpg,8,mango_shaved_ice,0.9948102235794067
img_03677.jpg,14,rice_dumpling,0.9938793182373047
img_03678.jpg,17,sweet_potato_ball,0.9874881505966187
img_03679.jpg,0,beef_noodles,0.9974151849746704
img_03680.jpg,6,grilled_taiwanese_sausage,0.9978899359703064
img_03681.jpg,23,xiaolongbao,0.9942627549171448
img_03682.jpg,6,grilled_taiwanese_sausage,0.9962933659553528
img_03683.jpg,12,pineapple_cake,0.9834851622581482
img_03684.jpg,7,iron_egg,0.9516796469688416
img_03685.jpg,20,three-cup_chicken,0.9988937973976135
img_03686.jpg,8,mango_shaved_ice,0.9965386390686035
img_03687.jpg,5,egg_pancake_roll,0.9887905120849609
img_03688.jpg,2,bubble_tea,0.9958833456039429
img_03689.jpg,10,oyster_omelet,0.9910008311271667
img_03690.jpg,23,xiaolongbao,0.9940794706344604
img_03691.jpg,24,yolk_pastry,0.9881640672683716
img_03692.jpg,4,deep-fried_chicken_cutlets,0.996729850769043
img_03693.jpg,6,grilled_taiwanese_sausage,0.9970297813415527
img_03694.jpg,24,yolk_pastry,0.9887661337852478
img_03695.jpg,20,three-cup_chicken,0.9930752515792847
img_03696.jpg,5,egg_pancake_roll,0.9910605549812317
img_03697.jpg,14,rice_dumpling,0.9968771934509277
img_03698.jpg,22,turnip_cake,0.9960648417472839
img_03699.jpg,13,potsticker,0.9891617298126221
img_03700.jpg,6,grilled_taiwanese_sausage,0.9963017702102661
img_03701.jpg,12,pineapple_cake,0.9953598380088806
img_03702.jpg,7,iron_egg,0.994596540927887
img_03703.jpg,9,mochi,0.9893561005592346
img_03704.jpg,1,braised_pork_over_rice,0.9478260278701782
img_03705.jpg,3,coffin_toast,0.9874570965766907
img_03706.jpg,11,papaya_milk,0.994476854801178
img_03707.jpg,14,rice_dumpling,0.9940024018287659
img_03708.jpg,6,grilled_taiwanese_sausage,0.9976819753646851
img_03709.jpg,19,taro_ball,0.9965938925743103
img_03710.jpg,24,yolk_pastry,0.9909332990646362
img_03711.jpg,17,sweet_potato_ball,0.9889657497406006
img_03712.jpg,19,taro_ball,0.9964665174484253
img_03713.jpg,0,beef_noodles,0.9984194040298462
img_03714.jpg,14,rice_dumpling,0.9937925934791565
img_03715.jpg,22,turnip_cake,0.994141161441803
img_03716.jpg,9,mochi,0.9956262111663818
img_03717.jpg,5,egg_pancake_roll,0.977038562297821
img_03718.jpg,13,potsticker,0.9904575347900391
img_03719.jpg,24,yolk_pastry,0.9902997016906738
img_03720.jpg,4,deep-fried_chicken_cutlets,0.7502409219741821
img_03721.jpg,3,coffin_toast,0.9905762672424316
img_03722.jpg,12,pineapple_cake,0.9898194670677185
img_03723.jpg,10,oyster_omelet,0.9927069544792175
img_03724.jpg,5,egg_pancake_roll,0.9898576736450195
img_03725.jpg,14,rice_dumpling,0.9944711923599243
img_03726.jpg,13,potsticker,0.9882481694221497
img_03727.jpg,8,mango_shaved_ice,0.9972100853919983
img_03728.jpg,18,tanghulu,0.9949776530265808
img_03729.jpg,5,egg_pancake_roll,0.546173632144928
img_03730.jpg,1,braised_pork_over_rice,0.9851717948913574
img_03731.jpg,22,turnip_cake,0.9959406852722168
img_03732.jpg,3,coffin_toast,0.9954448938369751
img_03733.jpg,3,coffin_toast,0.9857171773910522
img_03734.jpg,21,turkey_rice,0.99172443151474
img_03735.jpg,14,rice_dumpling,0.9967473745346069
img_03736.jpg,22,turnip_cake,0.9973951578140259
img_03737.jpg,8,mango_shaved_ice,0.996090829372406
img_03738.jpg,23,xiaolongbao,0.9921284914016724
img_03739.jpg,5,egg_pancake_roll,0.9956001043319702
img_03740.jpg,23,xiaolongbao,0.9890250563621521
img_03741.jpg,9,mochi,0.9904782772064209
img_03742.jpg,8,mango_shaved_ice,0.9971318244934082
img_03743.jpg,7,iron_egg,0.9952118396759033
img_03744.jpg,6,grilled_taiwanese_sausage,0.9941097497940063
img_03745.jpg,1,braised_pork_over_rice,0.9955938458442688
img_03746.jpg,17,sweet_potato_ball,0.9924208521842957
img_03747.jpg,6,grilled_taiwanese_sausage,0.9870049953460693
img_03748.jpg,0,beef_noodles,0.9983627200126648
img_03749.jpg,14,rice_dumpling,0.5133508443832397
img_03750.jpg,19,taro_ball,0.9965417981147766
img_03751.jpg,6,grilled_taiwanese_sausage,0.9954931735992432
img_03752.jpg,14,rice_dumpling,0.9971368312835693
img_03753.jpg,3,coffin_toast,0.9941332936286926
img_03754.jpg,9,mochi,0.9826844334602356
img_03755.jpg,20,three-cup_chicken,0.9956530332565308
img_03756.jpg,23,xiaolongbao,0.9881086945533752
img_03757.jpg,15,scallion_pancake,0.9804520010948181
img_03758.jpg,13,potsticker,0.9735866785049438
img_03759.jpg,16,stinky_tofu,0.9995313882827759
img_03760.jpg,2,bubble_tea,0.9863821268081665
img_03761.jpg,9,mochi,0.9908555746078491
img_03762.jpg,1,braised_pork_over_rice,0.9945549964904785
img_03763.jpg,16,stinky_tofu,0.9841381907463074
img_03764.jpg,4,deep-fried_chicken_cutlets,0.9970220923423767
img_03765.jpg,6,grilled_taiwanese_sausage,0.9952777624130249
img_03766.jpg,14,rice_dumpling,0.990717351436615
img_03767.jpg,13,potsticker,0.9411748051643372
img_03768.jpg,5,egg_pancake_roll,0.9853286147117615
img_03769.jpg,1,braised_pork_over_rice,0.990655243396759
img_03770.jpg,22,turnip_cake,0.6103267669677734
img_03771.jpg,0,beef_noodles,0.9971250891685486
img_03772.jpg,11,papaya_milk,0.9595074653625488
img_03773.jpg,18,tanghulu,0.9944090247154236
img_03774.jpg,23,xiaolongbao,0.9885619878768921
img_03775.jpg,16,stinky_tofu,0.9994613528251648
img_03776.jpg,19,taro_ball,0.9916248917579651
img_03777.jpg,15,scallion_pancake,0.9873320460319519
img_03778.jpg,13,potsticker,0.9747977256774902
img_03779.jpg,6,grilled_taiwanese_sausage,0.9966110587120056
img_03780.jpg,8,mango_shaved_ice,0.9979704022407532
img_03781.jpg,23,xiaolongbao,0.9906712770462036
img_03782.jpg,18,tanghulu,0.9888595342636108
img_03783.jpg,14,rice_dumpling,0.9798332452774048
img_03784.jpg,18,tanghulu,0.9924766421318054
img_03785.jpg,7,iron_egg,0.9954126477241516
img_03786.jpg,18,tanghulu,0.9924352765083313
img_03787.jpg,1,braised_pork_over_rice,0.9861384034156799
img_03788.jpg,14,rice_dumpling,0.9962289929389954
img_03789.jpg,24,yolk_pastry,0.9907633662223816
img_03790.jpg,14,rice_dumpling,0.9965035915374756
img_03791.jpg,13,potsticker,0.9873122572898865
img_03792.jpg,7,iron_egg,0.991363525390625
img_03793.jpg,23,xiaolongbao,0.9911479949951172
img_03794.jpg,22,turnip_cake,0.573205828666687
img_03795.jpg,9,mochi,0.9978322386741638
img_03796.jpg,1,braised_pork_over_rice,0.9570709466934204
img_03797.jpg,3,coffin_toast,0.9953332543373108
img_03798.jpg,22,turnip_cake,0.993791401386261
img_03799.jpg,22,turnip_cake,0.9637479782104492
img_03800.jpg,8,mango_shaved_ice,0.9970213770866394
img_03801.jpg,3,coffin_toast,0.9890040755271912
img_03802.jpg,15,scallion_pancake,0.995441198348999
img_03803.jpg,0,beef_noodles,0.9963902831077576
img_03804.jpg,9,mochi,0.9967527985572815
img_03805.jpg,19,taro_ball,0.9984250068664551
img_03806.jpg,11,papaya_milk,0.9925041198730469
img_03807.jpg,2,bubble_tea,0.9895516037940979
img_03808.jpg,9,mochi,0.9978322386741638
img_03809.jpg,18,tanghulu,0.9899919629096985
img_03810.jpg,18,tanghulu,0.994342565536499
img_03811.jpg,22,turnip_cake,0.9854857921600342
img_03812.jpg,18,tanghulu,0.9971632361412048
img_03813.jpg,7,iron_egg,0.996383786201477
img_03814.jpg,12,pineapple_cake,0.9853604435920715
img_03815.jpg,23,xiaolongbao,0.988052487373352
img_03816.jpg,2,bubble_tea,0.993137001991272
img_03817.jpg,0,beef_noodles,0.9941235184669495
img_03818.jpg,10,oyster_omelet,0.9957869648933411
img_03819.jpg,3,coffin_toast,0.9975467324256897
img_03820.jpg,14,rice_dumpling,0.9941121935844421
img_03821.jpg,17,sweet_potato_ball,0.995307981967926
img_03822.jpg,17,sweet_potato_ball,0.9897868633270264
img_03823.jpg,14,rice_dumpling,0.9979324340820312
img_03824.jpg,8,mango_shaved_ice,0.9835004806518555
img_03825.jpg,8,mango_shaved_ice,0.9950029253959656
img_03826.jpg,17,sweet_potato_ball,0.9928165674209595
img_03827.jpg,19,taro_ball,0.9967466592788696
img_03828.jpg,15,scallion_pancake,0.9934256076812744
img_03829.jpg,10,oyster_omelet,0.9952433705329895
img_03830.jpg,15,scallion_pancake,0.9956192374229431
img_03831.jpg,23,xiaolongbao,0.9941545128822327
img_03832.jpg,0,beef_noodles,0.9955969452857971
img_03833.jpg,8,mango_shaved_ice,0.9974817633628845
img_03834.jpg,16,stinky_tofu,0.9983248114585876
img_03835.jpg,18,tanghulu,0.9978364109992981
img_03836.jpg,21,turkey_rice,0.9819403290748596
img_03837.jpg,8,mango_shaved_ice,0.9958652257919312
img_03838.jpg,12,pineapple_cake,0.9945960640907288
img_03839.jpg,5,egg_pancake_roll,0.9686678051948547
img_03840.jpg,14,rice_dumpling,0.9963609576225281
img_03841.jpg,23,xiaolongbao,0.9934806823730469
img_03842.jpg,24,yolk_pastry,0.9877036809921265
img_03843.jpg,6,grilled_taiwanese_sausage,0.9942480325698853
img_03844.jpg,22,turnip_cake,0.9961603879928589
img_03845.jpg,9,mochi,0.9918214678764343
img_03846.jpg,8,mango_shaved_ice,0.9976460337638855
img_03847.jpg,23,xiaolongbao,0.9904252886772156
img_03848.jpg,16,stinky_tofu,0.8692125082015991
img_03849.jpg,21,turkey_rice,0.9913433790206909
img_03850.jpg,7,iron_egg,0.9957249164581299
img_03851.jpg,7,iron_egg,0.9973403811454773
img_03852.jpg,10,oyster_omelet,0.9964176416397095
img_03853.jpg,11,papaya_milk,0.988754391670227
img_03854.jpg,9,mochi,0.995109498500824
img_03855.jpg,3,coffin_toast,0.9905223250389099
img_03856.jpg,18,tanghulu,0.9977713823318481
img_03857.jpg,23,xiaolongbao,0.9873191118240356
img_03858.jpg,14,rice_dumpling,0.9983202815055847
img_03859.jpg,12,pineapple_cake,0.9923686385154724
img_03860.jpg,10,oyster_omelet,0.595855176448822
img_03861.jpg,18,tanghulu,0.9892266988754272
img_03862.jpg,21,turkey_rice,0.9902610182762146
img_03863.jpg,24,yolk_pastry,0.9880023002624512
img_03864.jpg,21,turkey_rice,0.976398766040802
img_03865.jpg,24,yolk_pastry,0.9938544034957886
img_03866.jpg,17,sweet_potato_ball,0.9943333864212036
img_03867.jpg,5,egg_pancake_roll,0.9943338632583618
img_03868.jpg,10,oyster_omelet,0.9945964217185974
img_03869.jpg,21,turkey_rice,0.9872953295707703
img_03870.jpg,20,three-cup_chicken,0.9910215735435486
img_03871.jpg,7,iron_egg,0.9956523776054382
img_03872.jpg,8,mango_shaved_ice,0.9967886209487915
img_03873.jpg,18,tanghulu,0.9611709713935852
img_03874.jpg,16,stinky_tofu,0.9972374439239502
img_03875.jpg,21,turkey_rice,0.9899170994758606
img_03876.jpg,5,egg_pancake_roll,0.9793326258659363
img_03877.jpg,1,braised_pork_over_rice,0.9885066747665405
img_03878.jpg,18,tanghulu,0.9954761862754822
img_03879.jpg,2,bubble_tea,0.9957762360572815
img_03880.jpg,19,taro_ball,0.9972935318946838
img_03881.jpg,16,stinky_tofu,0.9994545578956604
img_03882.jpg,10,oyster_omelet,0.997071385383606
img_03883.jpg,12,pineapple_cake,0.9947899580001831
img_03884.jpg,20,three-cup_chicken,0.9951549768447876
img_03885.jpg,4,deep-fried_chicken_cutlets,0.9952288866043091
img_03886.jpg,24,yolk_pastry,0.9872620701789856
img_03887.jpg,3,coffin_toast,0.9870063066482544
img_03888.jpg,17,sweet_potato_ball,0.49068519473075867
img_03889.jpg,9,mochi,0.9923645257949829
img_03890.jpg,5,egg_pancake_roll,0.9928222298622131
img_03891.jpg,10,oyster_omelet,0.9893580079078674
img_03892.jpg,10,oyster_omelet,0.9972217082977295
img_03893.jpg,17,sweet_potato_ball,0.9843555092811584
img_03894.jpg,8,mango_shaved_ice,0.9967796206474304
img_03895.jpg,5,egg_pancake_roll,0.9909289479255676
img_03896.jpg,15,scallion_pancake,0.9864110350608826
img_03897.jpg,10,oyster_omelet,0.9943419694900513
img_03898.jpg,6,grilled_taiwanese_sausage,0.991865336894989
img_03899.jpg,15,scallion_pancake,0.5067614912986755
img_03900.jpg,20,three-cup_chicken,0.9948247671127319
img_03901.jpg,21,turkey_rice,0.9888995885848999
img_03902.jpg,3,coffin_toast,0.9872708916664124
img_03903.jpg,17,sweet_potato_ball,0.9972326159477234
img_03904.jpg,14,rice_dumpling,0.9984319806098938
img_03905.jpg,2,bubble_tea,0.9962624907493591
img_03906.jpg,22,turnip_cake,0.9858919978141785
img_03907.jpg,9,mochi,0.9835452437400818
img_03908.jpg,2,bubble_tea,0.9979335069656372
img_03909.jpg,23,xiaolongbao,0.9927929639816284
img_03910.jpg,18,tanghulu,0.9974063038825989
img_03911.jpg,21,turkey_rice,0.9688277840614319
img_03912.jpg,2,bubble_tea,0.9966763257980347
img_03913.jpg,8,mango_shaved_ice,0.9967697858810425
img_03914.jpg,11,papaya_milk,0.9750680327415466
img_03915.jpg,0,beef_noodles,0.9935885667800903
img_03916.jpg,11,papaya_milk,0.993462324142456
img_03917.jpg,6,grilled_taiwanese_sausage,0.994989812374115
img_03918.jpg,3,coffin_toast,0.9927253723144531
img_03919.jpg,15,scallion_pancake,0.9929724931716919
img_03920.jpg,5,egg_pancake_roll,0.9926748871803284
img_03921.jpg,23,xiaolongbao,0.9906448125839233
img_03922.jpg,22,turnip_cake,0.975288987159729
img_03923.jpg,13,potsticker,0.9842071533203125
img_03924.jpg,0,beef_noodles,0.9955631494522095
img_03925.jpg,2,bubble_tea,0.9963488578796387
img_03926.jpg,10,oyster_omelet,0.9970965385437012
img_03927.jpg,14,rice_dumpling,0.9992294311523438
img_03928.jpg,19,taro_ball,0.9982078075408936
img_03929.jpg,9,mochi,0.9042657017707825
img_03930.jpg,6,grilled_taiwanese_sausage,0.9913080334663391
img_03931.jpg,20,three-cup_chicken,0.927965521812439
img_03932.jpg,2,bubble_tea,0.9937694668769836
img_03933.jpg,23,xiaolongbao,0.9930283427238464
img_03934.jpg,5,egg_pancake_roll,0.9860363006591797
img_03935.jpg,4,deep-fried_chicken_cutlets,0.9977007508277893
img_03936.jpg,0,beef_noodles,0.9950442314147949
img_03937.jpg,24,yolk_pastry,0.9852479696273804
img_03938.jpg,9,mochi,0.9965214729309082
img_03939.jpg,5,egg_pancake_roll,0.6570240259170532
img_03940.jpg,23,xiaolongbao,0.9891498684883118
img_03941.jpg,16,stinky_tofu,0.9982959628105164
img_03942.jpg,13,potsticker,0.9896336793899536
img_03943.jpg,7,iron_egg,0.996096670627594
img_03944.jpg,23,xiaolongbao,0.9913831353187561
img_03945.jpg,3,coffin_toast,0.9974014759063721
img_03946.jpg,22,turnip_cake,0.9978926777839661
img_03947.jpg,8,mango_shaved_ice,0.9975071549415588
img_03948.jpg,9,mochi,0.9865418672561646
img_03949.jpg,11,papaya_milk,0.994981586933136
img_03950.jpg,18,tanghulu,0.996573805809021
img_03951.jpg,14,rice_dumpling,0.9934372305870056
img_03952.jpg,24,yolk_pastry,0.9955577254295349
img_03953.jpg,17,sweet_potato_ball,0.9893090724945068
img_03954.jpg,10,oyster_omelet,0.9953110814094543
img_03955.jpg,18,tanghulu,0.9974669218063354
img_03956.jpg,8,mango_shaved_ice,0.9981437921524048
img_03957.jpg,16,stinky_tofu,0.9938074946403503
img_03958.jpg,24,yolk_pastry,0.9824019074440002
img_03959.jpg,6,grilled_taiwanese_sausage,0.991070032119751
img_03960.jpg,5,egg_pancake_roll,0.9791432619094849
img_03961.jpg,6,grilled_taiwanese_sausage,0.9950711727142334
img_03962.jpg,1,braised_pork_over_rice,0.9722893238067627
img_03963.jpg,9,mochi,0.9153645038604736
img_03964.jpg,0,beef_noodles,0.9969848990440369
img_03965.jpg,24,yolk_pastry,0.9930069446563721
img_03966.jpg,16,stinky_tofu,0.9985224604606628
img_03967.jpg,17,sweet_potato_ball,0.9889565110206604
img_03968.jpg,8,mango_shaved_ice,0.9961432814598083
img_03969.jpg,20,three-cup_chicken,0.996209979057312
img_03970.jpg,14,rice_dumpling,0.9978610873222351
img_03971.jpg,21,turkey_rice,0.969277560710907
img_03972.jpg,10,oyster_omelet,0.9983351826667786
img_03973.jpg,14,rice_dumpling,0.9716817140579224
img_03974.jpg,8,mango_shaved_ice,0.9978668093681335
img_03975.jpg,7,iron_egg,0.9923173189163208
img_03976.jpg,3,coffin_toast,0.9914413690567017
img_03977.jpg,18,tanghulu,0.9971965551376343
img_03978.jpg,2,bubble_tea,0.9661447405815125
img_03979.jpg,14,rice_dumpling,0.9925904273986816
img_03980.jpg,6,grilled_taiwanese_sausage,0.9835754632949829
img_03981.jpg,7,iron_egg,0.9933788776397705
img_03982.jpg,8,mango_shaved_ice,0.997016191482544
img_03983.jpg,23,xiaolongbao,0.9924802780151367
img_03984.jpg,10,oyster_omelet,0.9581550359725952
img_03985.jpg,1,braised_pork_over_rice,0.9747875332832336
img_03986.jpg,23,xiaolongbao,0.9970256686210632
img_03987.jpg,10,oyster_omelet,0.9967039227485657
img_03988.jpg,17,sweet_potato_ball,0.9833003282546997
img_03989.jpg,5,egg_pancake_roll,0.7548525929450989
img_03990.jpg,22,turnip_cake,0.9953880906105042
img_03991.jpg,12,pineapple_cake,0.9937375783920288
img_03992.jpg,3,coffin_toast,0.9925270080566406
img_03993.jpg,13,potsticker,0.4507983326911926
img_03994.jpg,20,three-cup_chicken,0.9977341890335083
img_03995.jpg,9,mochi,0.993954598903656
img_03996.jpg,14,rice_dumpling,0.9923408031463623
img_03997.jpg,11,papaya_milk,0.9912630319595337
img_03998.jpg,10,oyster_omelet,0.9966065883636475
img_03999.jpg,3,coffin_toast,0.9951897859573364
img_04000.jpg,16,stinky_tofu,0.9936176538467407
img_04001.jpg,16,stinky_tofu,0.9962542057037354
img_04002.jpg,0,beef_noodles,0.9968255758285522
img_04003.jpg,12,pineapple_cake,0.9876708984375
img_04004.jpg,5,egg_pancake_roll,0.9727100729942322
img_04005.jpg,17,sweet_potato_ball,0.9950919151306152
img_04006.jpg,13,potsticker,0.9645084738731384
img_04007.jpg,16,stinky_tofu,0.9968574047088623
img_04008.jpg,0,beef_noodles,0.9967656135559082
img_04009.jpg,20,three-cup_chicken,0.9979876279830933
img_04010.jpg,24,yolk_pastry,0.9867070317268372
img_04011.jpg,12,pineapple_cake,0.9916574358940125
img_04012.jpg,18,tanghulu,0.9962156414985657
img_04013.jpg,18,tanghulu,0.9815908670425415
img_04014.jpg,14,rice_dumpling,0.9921250939369202
img_04015.jpg,21,turkey_rice,0.8952381610870361
img_04016.jpg,22,turnip_cake,0.9916030764579773
img_04017.jpg,1,braised_pork_over_rice,0.9797119498252869
img_04018.jpg,0,beef_noodles,0.996683657169342
img_04019.jpg,5,egg_pancake_roll,0.9815101623535156
img_04020.jpg,13,potsticker,0.9893727898597717
img_04021.jpg,6,grilled_taiwanese_sausage,0.9959249496459961
img_04022.jpg,15,scallion_pancake,0.994105339050293
img_04023.jpg,9,mochi,0.9906620383262634
img_04024.jpg,19,taro_ball,0.9982132911682129
img_04025.jpg,0,beef_noodles,0.9966399669647217
img_04026.jpg,12,pineapple_cake,0.9771053791046143
img_04027.jpg,22,turnip_cake,0.9961007833480835
img_04028.jpg,9,mochi,0.9961626529693604
img_04029.jpg,10,oyster_omelet,0.9967395663261414
img_04030.jpg,24,yolk_pastry,0.9885333776473999
img_04031.jpg,10,oyster_omelet,0.9914290308952332
img_04032.jpg,5,egg_pancake_roll,0.96772301197052
img_04033.jpg,20,three-cup_chicken,0.998996913433075
img_04034.jpg,8,mango_shaved_ice,0.9963724613189697
img_04035.jpg,24,yolk_pastry,0.985980212688446
img_04036.jpg,6,grilled_taiwanese_sausage,0.9909353852272034
img_04037.jpg,14,rice_dumpling,0.9899984002113342
img_04038.jpg,9,mochi,0.9906309247016907
img_04039.jpg,2,bubble_tea,0.9943536520004272
img_04040.jpg,9,mochi,0.9987275004386902
img_04041.jpg,6,grilled_taiwanese_sausage,0.9551833271980286
img_04042.jpg,20,three-cup_chicken,0.9978142976760864
img_04043.jpg,12,pineapple_cake,0.9925994873046875
img_04044.jpg,17,sweet_potato_ball,0.9929606318473816
img_04045.jpg,16,stinky_tofu,0.9991101622581482
img_04046.jpg,12,pineapple_cake,0.8517747521400452
img_04047.jpg,6,grilled_taiwanese_sausage,0.9969205856323242
img_04048.jpg,17,sweet_potato_ball,0.9934114813804626
img_04049.jpg,3,coffin_toast,0.9781600832939148
img_04050.jpg,24,yolk_pastry,0.9942892789840698
img_04051.jpg,1,braised_pork_over_rice,0.9889968633651733
img_04052.jpg,3,coffin_toast,0.9958879351615906
img_04053.jpg,17,sweet_potato_ball,0.992012083530426
img_04054.jpg,5,egg_pancake_roll,0.9662816524505615
img_04055.jpg,19,taro_ball,0.9975720047950745
img_04056.jpg,3,coffin_toast,0.9936614036560059
img_04057.jpg,13,potsticker,0.9828436374664307
img_04058.jpg,4,deep-fried_chicken_cutlets,0.9922475814819336
img_04059.jpg,11,papaya_milk,0.9969018697738647
img_04060.jpg,2,bubble_tea,0.9941028952598572
img_04061.jpg,24,yolk_pastry,0.9886287450790405
img_04062.jpg,4,deep-fried_chicken_cutlets,0.9985260963439941
img_04063.jpg,20,three-cup_chicken,0.9887349009513855
img_04064.jpg,17,sweet_potato_ball,0.9897335171699524
img_04065.jpg,14,rice_dumpling,0.9877168536186218
img_04066.jpg,12,pineapple_cake,0.9814221858978271
img_04067.jpg,13,potsticker,0.8374435901641846
img_04068.jpg,16,stinky_tofu,0.9991195797920227
img_04069.jpg,16,stinky_tofu,0.5502476096153259
img_04070.jpg,23,xiaolongbao,0.9930419921875
img_04071.jpg,20,three-cup_chicken,0.9960221648216248
img_04072.jpg,4,deep-fried_chicken_cutlets,0.9961416125297546
img_04073.jpg,14,rice_dumpling,0.995376706123352
img_04074.jpg,1,braised_pork_over_rice,0.9436579942703247
img_04075.jpg,9,mochi,0.9730534553527832
img_04076.jpg,23,xiaolongbao,0.9909535646438599
img_04077.jpg,15,scallion_pancake,0.9858661890029907
img_04078.jpg,6,grilled_taiwanese_sausage,0.9952874183654785
img_04079.jpg,15,scallion_pancake,0.9816733598709106
img_04080.jpg,6,grilled_taiwanese_sausage,0.9945205450057983
img_04081.jpg,4,deep-fried_chicken_cutlets,0.9991263747215271
img_04082.jpg,0,beef_noodles,0.9983066320419312
img_04083.jpg,6,grilled_taiwanese_sausage,0.9963297247886658
img_04084.jpg,23,xiaolongbao,0.9960415363311768
img_04085.jpg,12,pineapple_cake,0.9816672801971436
img_04086.jpg,14,rice_dumpling,0.9941937327384949
img_04087.jpg,9,mochi,0.9904682040214539
img_04088.jpg,23,xiaolongbao,0.9900873303413391
img_04089.jpg,0,beef_noodles,0.9913629293441772
img_04090.jpg,3,coffin_toast,0.9848079681396484
img_04091.jpg,1,braised_pork_over_rice,0.9945549964904785
img_04092.jpg,11,papaya_milk,0.9961531758308411
img_04093.jpg,3,coffin_toast,0.9916518330574036
img_04094.jpg,23,xiaolongbao,0.9924722909927368
img_04095.jpg,6,grilled_taiwanese_sausage,0.9962651133537292
img_04096.jpg,3,coffin_toast,0.9962825179100037
img_04097.jpg,11,papaya_milk,0.9919909834861755
img_04098.jpg,24,yolk_pastry,0.9915673136711121
img_04099.jpg,8,mango_shaved_ice,0.9978529214859009
img_04100.jpg,4,deep-fried_chicken_cutlets,0.9976388216018677
img_04101.jpg,2,bubble_tea,0.9948659539222717
img_04102.jpg,13,potsticker,0.9936622381210327
img_04103.jpg,18,tanghulu,0.9945932030677795
img_04104.jpg,12,pineapple_cake,0.9885954260826111
img_04105.jpg,19,taro_ball,0.9977726340293884
img_04106.jpg,19,taro_ball,0.9976176619529724
img_04107.jpg,22,turnip_cake,0.9945111274719238
img_04108.jpg,9,mochi,0.9733380675315857
img_04109.jpg,17,sweet_potato_ball,0.9913066029548645
img_04110.jpg,5,egg_pancake_roll,0.9824296236038208
img_04111.jpg,10,oyster_omelet,0.993678629398346
img_04112.jpg,3,coffin_toast,0.9928357005119324
img_04113.jpg,23,xiaolongbao,0.9918206930160522
img_04114.jpg,6,grilled_taiwanese_sausage,0.9915589094161987
img_04115.jpg,6,grilled_taiwanese_sausage,0.9966601133346558
img_04116.jpg,2,bubble_tea,0.9929825067520142
img_04117.jpg,3,coffin_toast,0.980880081653595
img_04118.jpg,21,turkey_rice,0.9846497178077698
img_04119.jpg,17,sweet_potato_ball,0.9887247681617737
img_04120.jpg,2,bubble_tea,0.9948398470878601
img_04121.jpg,4,deep-fried_chicken_cutlets,0.996118426322937
img_04122.jpg,21,turkey_rice,0.9797775149345398
img_04123.jpg,10,oyster_omelet,0.4844866991043091
img_04124.jpg,2,bubble_tea,0.993650496006012
img_04125.jpg,7,iron_egg,0.9960749745368958
img_04126.jpg,14,rice_dumpling,0.993371844291687
img_04127.jpg,19,taro_ball,0.996471643447876
img_04128.jpg,21,turkey_rice,0.9915452599525452
img_04129.jpg,20,three-cup_chicken,0.9938361048698425
img_04130.jpg,12,pineapple_cake,0.9908769726753235
img_04131.jpg,0,beef_noodles,0.9945766925811768
img_04132.jpg,4,deep-fried_chicken_cutlets,0.9873566627502441
img_04133.jpg,21,turkey_rice,0.9856911301612854
img_04134.jpg,22,turnip_cake,0.9908820390701294
img_04135.jpg,12,pineapple_cake,0.9884088635444641
img_04136.jpg,2,bubble_tea,0.9961375594139099
img_04137.jpg,1,braised_pork_over_rice,0.9853019118309021
img_04138.jpg,11,papaya_milk,0.9965213537216187
img_04139.jpg,5,egg_pancake_roll,0.9863945245742798
img_04140.jpg,0,beef_noodles,0.9909054040908813
img_04141.jpg,13,potsticker,0.8608816266059875
img_04142.jpg,23,xiaolongbao,0.9896370768547058
img_04143.jpg,15,scallion_pancake,0.9950862526893616
img_04144.jpg,9,mochi,0.9896270036697388
img_04145.jpg,12,pineapple_cake,0.9907320141792297
img_04146.jpg,8,mango_shaved_ice,0.9961203932762146
img_04147.jpg,4,deep-fried_chicken_cutlets,0.9403128623962402
img_04148.jpg,12,pineapple_cake,0.9812512397766113
img_04149.jpg,11,papaya_milk,0.9955933690071106
img_04150.jpg,21,turkey_rice,0.9867948889732361
img_04151.jpg,9,mochi,0.9861607551574707
img_04152.jpg,23,xiaolongbao,0.9762842059135437
img_04153.jpg,7,iron_egg,0.9970340728759766
img_04154.jpg,5,egg_pancake_roll,0.9634039998054504
img_04155.jpg,24,yolk_pastry,0.9943758249282837
img_04156.jpg,8,mango_shaved_ice,0.996075451374054
img_04157.jpg,5,egg_pancake_roll,0.9772871732711792
img_04158.jpg,9,mochi,0.9930233955383301
img_04159.jpg,24,yolk_pastry,0.9944539666175842
img_04160.jpg,5,egg_pancake_roll,0.6207261681556702
img_04161.jpg,11,papaya_milk,0.9942704439163208
img_04162.jpg,19,taro_ball,0.9974121451377869
img_04163.jpg,15,scallion_pancake,0.9965471625328064
img_04164.jpg,14,rice_dumpling,0.9908207058906555
img_04165.jpg,18,tanghulu,0.9982994198799133
img_04166.jpg,14,rice_dumpling,0.995392918586731
img_04167.jpg,23,xiaolongbao,0.9929921627044678
img_04168.jpg,15,scallion_pancake,0.9916651844978333
img_04169.jpg,13,potsticker,0.9785979390144348
img_04170.jpg,10,oyster_omelet,0.9964420199394226
img_04171.jpg,22,turnip_cake,0.9981365203857422
img_04172.jpg,9,mochi,0.7775706052780151
img_04173.jpg,12,pineapple_cake,0.993904173374176
img_04174.jpg,3,coffin_toast,0.9933788776397705
img_04175.jpg,0,beef_noodles,0.9934514760971069
img_04176.jpg,19,taro_ball,0.9980908036231995
img_04177.jpg,21,turkey_rice,0.9836433529853821
img_04178.jpg,21,turkey_rice,0.9910616874694824
img_04179.jpg,10,oyster_omelet,0.9904484152793884
img_04180.jpg,24,yolk_pastry,0.9868690371513367
img_04181.jpg,23,xiaolongbao,0.9921122789382935
img_04182.jpg,10,oyster_omelet,0.9941226840019226
img_04183.jpg,24,yolk_pastry,0.991248607635498
img_04184.jpg,8,mango_shaved_ice,0.9909188747406006
img_04185.jpg,0,beef_noodles,0.9973286390304565
img_04186.jpg,11,papaya_milk,0.9935638308525085
img_04187.jpg,11,papaya_milk,0.9950641989707947
img_04188.jpg,14,rice_dumpling,0.9670459032058716
img_04189.jpg,10,oyster_omelet,0.9914000034332275
img_04190.jpg,15,scallion_pancake,0.9872149229049683
img_04191.jpg,9,mochi,0.9948599338531494
img_04192.jpg,21,turkey_rice,0.9882006645202637
img_04193.jpg,7,iron_egg,0.9967010617256165
img_04194.jpg,14,rice_dumpling,0.9976305961608887
img_04195.jpg,23,xiaolongbao,0.9923490285873413
img_04196.jpg,1,braised_pork_over_rice,0.9598450660705566
img_04197.jpg,14,rice_dumpling,0.9964715242385864
img_04198.jpg,23,xiaolongbao,0.9943274855613708
img_04199.jpg,24,yolk_pastry,0.9906700849533081
img_04200.jpg,10,oyster_omelet,0.9941216111183167
img_04201.jpg,19,taro_ball,0.9947434663772583
img_04202.jpg,11,papaya_milk,0.7517178058624268
img_04203.jpg,3,coffin_toast,0.9937946796417236
img_04204.jpg,10,oyster_omelet,0.9937591552734375
img_04205.jpg,13,potsticker,0.9870116710662842
img_04206.jpg,11,papaya_milk,0.9959565997123718
img_04207.jpg,18,tanghulu,0.9978308081626892
img_04208.jpg,20,three-cup_chicken,0.9975168704986572
img_04209.jpg,21,turkey_rice,0.9880455136299133
img_04210.jpg,11,papaya_milk,0.9962462782859802
img_04211.jpg,7,iron_egg,0.9961353540420532
img_04212.jpg,18,tanghulu,0.9862332344055176
img_04213.jpg,6,grilled_taiwanese_sausage,0.9864951372146606
img_04214.jpg,20,three-cup_chicken,0.9980835914611816
img_04215.jpg,15,scallion_pancake,0.9901731014251709
img_04216.jpg,18,tanghulu,0.9974402189254761
img_04217.jpg,4,deep-fried_chicken_cutlets,0.9971405267715454
img_04218.jpg,21,turkey_rice,0.9924266338348389
img_04219.jpg,22,turnip_cake,0.9948581457138062
img_04220.jpg,0,beef_noodles,0.9972135424613953
img_04221.jpg,14,rice_dumpling,0.9924001693725586
img_04222.jpg,23,xiaolongbao,0.9932765960693359
img_04223.jpg,2,bubble_tea,0.9967016577720642
img_04224.jpg,15,scallion_pancake,0.9911805987358093
img_04225.jpg,24,yolk_pastry,0.9837586283683777
img_04226.jpg,14,rice_dumpling,0.9934040904045105
img_04227.jpg,1,braised_pork_over_rice,0.992796003818512
img_04228.jpg,24,yolk_pastry,0.9852129817008972
img_04229.jpg,13,potsticker,0.9908377528190613
img_04230.jpg,4,deep-fried_chicken_cutlets,0.9975996613502502
img_04231.jpg,10,oyster_omelet,0.9974409341812134
img_04232.jpg,3,coffin_toast,0.9943656921386719
img_04233.jpg,8,mango_shaved_ice,0.9977002739906311
img_04234.jpg,17,sweet_potato_ball,0.9852758646011353
img_04235.jpg,16,stinky_tofu,0.9855727553367615
img_04236.jpg,13,potsticker,0.9814303517341614
img_04237.jpg,0,beef_noodles,0.9971457123756409
img_04238.jpg,23,xiaolongbao,0.9949724674224854
img_04239.jpg,13,potsticker,0.9071721434593201
img_04240.jpg,7,iron_egg,0.9922806024551392
img_04241.jpg,24,yolk_pastry,0.9843368530273438
img_04242.jpg,7,iron_egg,0.9975692629814148
img_04243.jpg,15,scallion_pancake,0.9953983426094055
img_04244.jpg,10,oyster_omelet,0.9944291114807129
img_04245.jpg,23,xiaolongbao,0.9907146692276001
img_04246.jpg,9,mochi,0.9885250926017761
img_04247.jpg,4,deep-fried_chicken_cutlets,0.9982694387435913
img_04248.jpg,20,three-cup_chicken,0.9493573307991028
img_04249.jpg,5,egg_pancake_roll,0.9880280494689941
img_04250.jpg,10,oyster_omelet,0.991534948348999
img_04251.jpg,6,grilled_taiwanese_sausage,0.9859969615936279
img_04252.jpg,0,beef_noodles,0.9926669001579285
img_04253.jpg,8,mango_shaved_ice,0.9978626370429993
img_04254.jpg,24,yolk_pastry,0.9943220615386963
img_04255.jpg,1,braised_pork_over_rice,0.9796437621116638
img_04256.jpg,1,braised_pork_over_rice,0.935309112071991
img_04257.jpg,2,bubble_tea,0.9949480295181274
img_04258.jpg,9,mochi,0.9892894625663757
img_04259.jpg,14,rice_dumpling,0.9522491097450256
img_04260.jpg,2,bubble_tea,0.995328426361084
img_04261.jpg,0,beef_noodles,0.9945964217185974
img_04262.jpg,20,three-cup_chicken,0.9965299963951111
img_04263.jpg,3,coffin_toast,0.9921314120292664
img_04264.jpg,10,oyster_omelet,0.9962642788887024
img_04265.jpg,18,tanghulu,0.9901491403579712
img_04266.jpg,11,papaya_milk,0.9957125186920166
img_04267.jpg,22,turnip_cake,0.9851288795471191
img_04268.jpg,14,rice_dumpling,0.9989956021308899
img_04269.jpg,14,rice_dumpling,0.9699137210845947
img_04270.jpg,19,taro_ball,0.9983745813369751
img_04271.jpg,8,mango_shaved_ice,0.9928128123283386
img_04272.jpg,14,rice_dumpling,0.9965412020683289
img_04273.jpg,23,xiaolongbao,0.8744074106216431
img_04274.jpg,11,papaya_milk,0.9942570328712463
img_04275.jpg,23,xiaolongbao,0.9932059049606323
img_04276.jpg,7,iron_egg,0.996073842048645
img_04277.jpg,20,three-cup_chicken,0.9429871439933777
img_04278.jpg,5,egg_pancake_roll,0.9862120151519775
img_04279.jpg,18,tanghulu,0.9780561923980713
img_04280.jpg,3,coffin_toast,0.9869292974472046
img_04281.jpg,1,braised_pork_over_rice,0.9870827198028564
img_04282.jpg,16,stinky_tofu,0.9908385872840881
img_04283.jpg,1,braised_pork_over_rice,0.983639121055603
img_04284.jpg,5,egg_pancake_roll,0.9941896200180054
img_04285.jpg,20,three-cup_chicken,0.9971039891242981
img_04286.jpg,24,yolk_pastry,0.9914941787719727
img_04287.jpg,17,sweet_potato_ball,0.9888861179351807
img_04288.jpg,14,rice_dumpling,0.9936263561248779
img_04289.jpg,16,stinky_tofu,0.9991119503974915
img_04290.jpg,1,braised_pork_over_rice,0.9838835597038269
img_04291.jpg,23,xiaolongbao,0.922322690486908
img_04292.jpg,18,tanghulu,0.998284637928009
img_04293.jpg,11,papaya_milk,0.9978780746459961
img_04294.jpg,9,mochi,0.9890869855880737
img_04295.jpg,21,turkey_rice,0.9899289011955261
img_04296.jpg,9,mochi,0.9910079836845398
img_04297.jpg,18,tanghulu,0.9922492504119873
img_04298.jpg,16,stinky_tofu,0.9981568455696106
img_04299.jpg,12,pineapple_cake,0.9691179990768433
img_04300.jpg,15,scallion_pancake,0.9970099925994873
img_04301.jpg,0,beef_noodles,0.9721108675003052
img_04302.jpg,21,turkey_rice,0.9860305786132812
img_04303.jpg,16,stinky_tofu,0.9992262125015259
img_04304.jpg,0,beef_noodles,0.9965832829475403
img_04305.jpg,21,turkey_rice,0.5996941328048706
img_04306.jpg,18,tanghulu,0.9949263334274292
img_04307.jpg,15,scallion_pancake,0.48361796140670776
img_04308.jpg,2,bubble_tea,0.995355486869812
img_04309.jpg,17,sweet_potato_ball,0.9962564706802368
img_04310.jpg,20,three-cup_chicken,0.9974009990692139
img_04311.jpg,14,rice_dumpling,0.9975160360336304
img_04312.jpg,17,sweet_potato_ball,0.9927539229393005
img_04313.jpg,17,sweet_potato_ball,0.993550181388855
img_04314.jpg,2,bubble_tea,0.996055006980896
img_04315.jpg,9,mochi,0.9913375377655029
img_04316.jpg,6,grilled_taiwanese_sausage,0.9951699376106262
img_04317.jpg,16,stinky_tofu,0.9955936074256897
img_04318.jpg,9,mochi,0.9982060194015503
img_04319.jpg,6,grilled_taiwanese_sausage,0.9956510663032532
img_04320.jpg,24,yolk_pastry,0.9847984910011292
img_04321.jpg,3,coffin_toast,0.9950397610664368
img_04322.jpg,13,potsticker,0.983115017414093
img_04323.jpg,14,rice_dumpling,0.9931206107139587
img_04324.jpg,11,papaya_milk,0.9958296418190002
img_04325.jpg,9,mochi,0.9905285239219666
img_04326.jpg,12,pineapple_cake,0.9933223128318787
img_04327.jpg,3,coffin_toast,0.992613673210144
img_04328.jpg,19,taro_ball,0.9983280301094055
img_04329.jpg,11,papaya_milk,0.997657060623169
img_04330.jpg,10,oyster_omelet,0.9943616390228271
img_04331.jpg,21,turkey_rice,0.9819632768630981
img_04332.jpg,22,turnip_cake,0.99457186460495
img_04333.jpg,11,papaya_milk,0.973828136920929
img_04334.jpg,10,oyster_omelet,0.9969267249107361
img_04335.jpg,11,papaya_milk,0.9945607781410217
img_04336.jpg,19,taro_ball,0.9988486766815186
img_04337.jpg,20,three-cup_chicken,0.989776611328125
img_04338.jpg,6,grilled_taiwanese_sausage,0.9944836497306824
img_04339.jpg,19,taro_ball,0.9974838495254517
img_04340.jpg,18,tanghulu,0.9977916479110718
img_04341.jpg,22,turnip_cake,0.9911196827888489
img_04342.jpg,19,taro_ball,0.997826874256134
img_04343.jpg,13,potsticker,0.9885938167572021
img_04344.jpg,20,three-cup_chicken,0.9980728626251221
img_04345.jpg,5,egg_pancake_roll,0.9483962059020996
img_04346.jpg,19,taro_ball,0.9968750476837158
img_04347.jpg,5,egg_pancake_roll,0.9820370078086853
img_04348.jpg,10,oyster_omelet,0.9956443309783936
img_04349.jpg,2,bubble_tea,0.9940872192382812
img_04350.jpg,20,three-cup_chicken,0.9984655380249023
img_04351.jpg,22,turnip_cake,0.9958527088165283
img_04352.jpg,7,iron_egg,0.9945878982543945
img_04353.jpg,9,mochi,0.99472975730896
img_04354.jpg,18,tanghulu,0.9956393241882324
img_04355.jpg,4,deep-fried_chicken_cutlets,0.9971858859062195
img_04356.jpg,0,beef_noodles,0.9932403564453125
img_04357.jpg,6,grilled_taiwanese_sausage,0.9894679188728333
img_04358.jpg,10,oyster_omelet,0.9903091788291931
img_04359.jpg,17,sweet_potato_ball,0.9956839084625244
img_04360.jpg,21,turkey_rice,0.9893171191215515
img_04361.jpg,16,stinky_tofu,0.9972680807113647
img_04362.jpg,8,mango_shaved_ice,0.9974572062492371
img_04363.jpg,17,sweet_potato_ball,0.9928494691848755
img_04364.jpg,19,taro_ball,0.9976972937583923
img_04365.jpg,3,coffin_toast,0.9874715209007263
img_04366.jpg,20,three-cup_chicken,0.9873824715614319
img_04367.jpg,24,yolk_pastry,0.9929819107055664
img_04368.jpg,2,bubble_tea,0.9954257607460022
img_04369.jpg,0,beef_noodles,0.9955859184265137
img_04370.jpg,6,grilled_taiwanese_sausage,0.9935922026634216
img_04371.jpg,8,mango_shaved_ice,0.9981020092964172
img_04372.jpg,24,yolk_pastry,0.9923794269561768
img_04373.jpg,13,potsticker,0.9785743951797485
img_04374.jpg,10,oyster_omelet,0.9951916933059692
img_04375.jpg,3,coffin_toast,0.9942086935043335
img_04376.jpg,14,rice_dumpling,0.9967294931411743
img_04377.jpg,22,turnip_cake,0.9921835064888
img_04378.jpg,12,pineapple_cake,0.9955867528915405
img_04379.jpg,3,coffin_toast,0.9916368126869202
img_04380.jpg,7,iron_egg,0.9894543886184692
img_04381.jpg,20,three-cup_chicken,0.9967625141143799
img_04382.jpg,22,turnip_cake,0.9984908103942871
img_04383.jpg,9,mochi,0.9914827346801758
img_04384.jpg,19,taro_ball,0.9977789521217346
img_04385.jpg,23,xiaolongbao,0.9913122057914734
img_04386.jpg,20,three-cup_chicken,0.9763925075531006
img_04387.jpg,13,potsticker,0.9911990761756897
img_04388.jpg,18,tanghulu,0.9975679516792297
img_04389.jpg,8,mango_shaved_ice,0.9967671632766724
img_04390.jpg,12,pineapple_cake,0.9955012202262878
img_04391.jpg,13,potsticker,0.9790405035018921
img_04392.jpg,0,beef_noodles,0.9957914352416992
img_04393.jpg,17,sweet_potato_ball,0.993726372718811
img_04394.jpg,13,potsticker,0.9718722105026245
img_04395.jpg,7,iron_egg,0.9959677457809448
img_04396.jpg,16,stinky_tofu,0.9976686835289001
img_04397.jpg,18,tanghulu,0.9945926070213318
img_04398.jpg,8,mango_shaved_ice,0.9947091341018677
img_04399.jpg,5,egg_pancake_roll,0.9952569603919983
img_04400.jpg,12,pineapple_cake,0.9912868142127991
img_04401.jpg,17,sweet_potato_ball,0.989154040813446
img_04402.jpg,14,rice_dumpling,0.9895259141921997
img_04403.jpg,17,sweet_potato_ball,0.9931417107582092
img_04404.jpg,13,potsticker,0.991367757320404
img_04405.jpg,22,turnip_cake,0.9933660626411438
img_04406.jpg,12,pineapple_cake,0.9886245727539062
img_04407.jpg,5,egg_pancake_roll,0.9896384477615356
img_04408.jpg,4,deep-fried_chicken_cutlets,0.5561089515686035
img_04409.jpg,14,rice_dumpling,0.9942828416824341
img_04410.jpg,3,coffin_toast,0.9825687408447266
img_04411.jpg,18,tanghulu,0.9970682263374329
img_04412.jpg,15,scallion_pancake,0.9939299821853638
img_04413.jpg,8,mango_shaved_ice,0.9971778392791748
img_04414.jpg,23,xiaolongbao,0.991561233997345
img_04415.jpg,22,turnip_cake,0.9891322255134583
img_04416.jpg,0,beef_noodles,0.995913565158844
img_04417.jpg,18,tanghulu,0.9962306618690491
img_04418.jpg,1,braised_pork_over_rice,0.99140864610672
img_04419.jpg,10,oyster_omelet,0.9940720200538635
img_04420.jpg,8,mango_shaved_ice,0.9920697212219238
img_04421.jpg,16,stinky_tofu,0.9993498921394348
img_04422.jpg,4,deep-fried_chicken_cutlets,0.9951714873313904
img_04423.jpg,22,turnip_cake,0.9902790188789368
img_04424.jpg,18,tanghulu,0.9966542720794678
img_04425.jpg,23,xiaolongbao,0.9890090823173523
img_04426.jpg,14,rice_dumpling,0.9981448650360107
img_04427.jpg,18,tanghulu,0.99785977602005
img_04428.jpg,4,deep-fried_chicken_cutlets,0.9962334036827087
img_04429.jpg,1,braised_pork_over_rice,0.9859650135040283
img_04430.jpg,11,papaya_milk,0.9970017075538635
img_04431.jpg,7,iron_egg,0.9949924349784851
img_04432.jpg,11,papaya_milk,0.9941076040267944
img_04433.jpg,4,deep-fried_chicken_cutlets,0.9651786684989929
img_04434.jpg,1,braised_pork_over_rice,0.9843563437461853
img_04435.jpg,14,rice_dumpling,0.9974939823150635
img_04436.jpg,24,yolk_pastry,0.9954085946083069
img_04437.jpg,17,sweet_potato_ball,0.9828583002090454
img_04438.jpg,22,turnip_cake,0.9952287673950195
img_04439.jpg,15,scallion_pancake,0.9934704303741455
img_04440.jpg,11,papaya_milk,0.9947130084037781
img_04441.jpg,2,bubble_tea,0.9955339431762695
img_04442.jpg,11,papaya_milk,0.9939653277397156
img_04443.jpg,14,rice_dumpling,0.9947682619094849
img_04444.jpg,17,sweet_potato_ball,0.996202290058136
img_04445.jpg,8,mango_shaved_ice,0.9945889711380005
img_04446.jpg,0,beef_noodles,0.9957180619239807
img_04447.jpg,9,mochi,0.995713472366333
img_04448.jpg,9,mochi,0.9952731728553772
img_04449.jpg,13,potsticker,0.9805774688720703
img_04450.jpg,14,rice_dumpling,0.9942873120307922
img_04451.jpg,20,three-cup_chicken,0.9949852228164673
img_04452.jpg,8,mango_shaved_ice,0.9958049058914185
img_04453.jpg,9,mochi,0.9798739552497864
img_04454.jpg,20,three-cup_chicken,0.997005045413971
img_04455.jpg,1,braised_pork_over_rice,0.9718589186668396
img_04456.jpg,16,stinky_tofu,0.9925525188446045
img_04457.jpg,4,deep-fried_chicken_cutlets,0.978140115737915
img_04458.jpg,6,grilled_taiwanese_sausage,0.996961772441864
img_04459.jpg,24,yolk_pastry,0.9908336997032166
img_04460.jpg,10,oyster_omelet,0.9965477585792542
img_04461.jpg,17,sweet_potato_ball,0.9955808520317078
img_04462.jpg,14,rice_dumpling,0.9954200983047485
img_04463.jpg,7,iron_egg,0.995581328868866
img_04464.jpg,0,beef_noodles,0.9966644644737244
img_04465.jpg,17,sweet_potato_ball,0.9892794489860535
img_04466.jpg,7,iron_egg,0.9915669560432434
img_04467.jpg,6,grilled_taiwanese_sausage,0.9957045912742615
img_04468.jpg,10,oyster_omelet,0.9922704696655273
img_04469.jpg,6,grilled_taiwanese_sausage,0.9951907396316528
img_04470.jpg,23,xiaolongbao,0.9935827851295471
img_04471.jpg,15,scallion_pancake,0.996392548084259
img_04472.jpg,4,deep-fried_chicken_cutlets,0.9992783665657043
img_04473.jpg,10,oyster_omelet,0.984844982624054
img_04474.jpg,8,mango_shaved_ice,0.9947282671928406
img_04475.jpg,15,scallion_pancake,0.995262622833252
img_04476.jpg,1,braised_pork_over_rice,0.9850104451179504
img_04477.jpg,15,scallion_pancake,0.7678351402282715
img_04478.jpg,13,potsticker,0.9847915172576904
img_04479.jpg,1,braised_pork_over_rice,0.9801223278045654
img_04480.jpg,5,egg_pancake_roll,0.9844022989273071
img_04481.jpg,18,tanghulu,0.9875044226646423
img_04482.jpg,6,grilled_taiwanese_sausage,0.9963766932487488
img_04483.jpg,15,scallion_pancake,0.9623798727989197
img_04484.jpg,1,braised_pork_over_rice,0.9938437938690186
img_04485.jpg,23,xiaolongbao,0.9931528568267822
img_04486.jpg,6,grilled_taiwanese_sausage,0.9730989336967468
img_04487.jpg,3,coffin_toast,0.995528519153595
img_04488.jpg,24,yolk_pastry,0.9917397499084473
img_04489.jpg,0,beef_noodles,0.9951670169830322
img_04490.jpg,18,tanghulu,0.9940085411071777
img_04491.jpg,19,taro_ball,0.9970155954360962
img_04492.jpg,24,yolk_pastry,0.962888777256012
img_04493.jpg,11,papaya_milk,0.9847822785377502
img_04494.jpg,5,egg_pancake_roll,0.9850358963012695
img_04495.jpg,14,rice_dumpling,0.9874228239059448
img_04496.jpg,0,beef_noodles,0.9972805976867676
img_04497.jpg,1,braised_pork_over_rice,0.9894767999649048
img_04498.jpg,11,papaya_milk,0.9932959675788879
img_04499.jpg,23,xiaolongbao,0.9923515915870667
img_04500.jpg,3,coffin_toast,0.9950594902038574
img_04501.jpg,2,bubble_tea,0.9961387515068054
img_04502.jpg,10,oyster_omelet,0.9946387410163879
img_04503.jpg,24,yolk_pastry,0.9934465289115906
img_04504.jpg,22,turnip_cake,0.9885666966438293
img_04505.jpg,11,papaya_milk,0.9908767342567444
img_04506.jpg,8,mango_shaved_ice,0.9490898251533508
img_04507.jpg,14,rice_dumpling,0.9964432120323181
img_04508.jpg,8,mango_shaved_ice,0.9980619549751282
img_04509.jpg,12,pineapple_cake,0.9912250638008118
img_04510.jpg,11,papaya_milk,0.9962179064750671
img_04511.jpg,24,yolk_pastry,0.9886465668678284
img_04512.jpg,4,deep-fried_chicken_cutlets,0.9973475933074951
img_04513.jpg,4,deep-fried_chicken_cutlets,0.9974173307418823
img_04514.jpg,24,yolk_pastry,0.9927606582641602
img_04515.jpg,5,egg_pancake_roll,0.9918882250785828
img_04516.jpg,4,deep-fried_chicken_cutlets,0.9963701963424683
img_04517.jpg,12,pineapple_cake,0.9582839608192444
img_04518.jpg,0,beef_noodles,0.997174859046936
img_04519.jpg,23,xiaolongbao,0.986520528793335
img_04520.jpg,13,potsticker,0.9699278473854065
img_04521.jpg,23,xiaolongbao,0.9934027791023254
img_04522.jpg,19,taro_ball,0.9943645000457764
img_04523.jpg,6,grilled_taiwanese_sausage,0.9848604798316956
img_04524.jpg,12,pineapple_cake,0.9883882403373718
img_04525.jpg,15,scallion_pancake,0.9973465204238892
img_04526.jpg,10,oyster_omelet,0.9973523616790771
img_04527.jpg,2,bubble_tea,0.9950396418571472
img_04528.jpg,14,rice_dumpling,0.9975724816322327
img_04529.jpg,5,egg_pancake_roll,0.9327865242958069
img_04530.jpg,23,xiaolongbao,0.9944270849227905
img_04531.jpg,22,turnip_cake,0.9980193376541138
img_04532.jpg,9,mochi,0.9896188378334045
img_04533.jpg,23,xiaolongbao,0.9938585162162781
img_04534.jpg,3,coffin_toast,0.997249186038971
img_04535.jpg,4,deep-fried_chicken_cutlets,0.9960541725158691
img_04536.jpg,20,three-cup_chicken,0.9971743822097778
img_04537.jpg,0,beef_noodles,0.9962902069091797
img_04538.jpg,3,coffin_toast,0.9945346117019653
img_04539.jpg,13,potsticker,0.9873506426811218
img_04540.jpg,19,taro_ball,0.9986735582351685
img_04541.jpg,12,pineapple_cake,0.9869675040245056
img_04542.jpg,5,egg_pancake_roll,0.9924518465995789
img_04543.jpg,0,beef_noodles,0.6978555917739868
img_04544.jpg,11,papaya_milk,0.9948626160621643
img_04545.jpg,10,oyster_omelet,0.9981613755226135
img_04546.jpg,13,potsticker,0.9814436435699463
img_04547.jpg,8,mango_shaved_ice,0.9961938858032227
img_04548.jpg,11,papaya_milk,0.9856712222099304
img_04549.jpg,13,potsticker,0.9717671871185303
img_04550.jpg,22,turnip_cake,0.9962660670280457
img_04551.jpg,18,tanghulu,0.9965795874595642
img_04552.jpg,3,coffin_toast,0.9868319034576416
img_04553.jpg,1,braised_pork_over_rice,0.9607051014900208
img_04554.jpg,10,oyster_omelet,0.9935377240180969
img_04555.jpg,5,egg_pancake_roll,0.9752850532531738
img_04556.jpg,17,sweet_potato_ball,0.9859645366668701
img_04557.jpg,10,oyster_omelet,0.9965311884880066
img_04558.jpg,2,bubble_tea,0.9965105652809143
img_04559.jpg,2,bubble_tea,0.997154712677002
img_04560.jpg,7,iron_egg,0.9969033598899841
img_04561.jpg,3,coffin_toast,0.9915193915367126
img_04562.jpg,22,turnip_cake,0.9927440881729126
img_04563.jpg,2,bubble_tea,0.9944772124290466
img_04564.jpg,6,grilled_taiwanese_sausage,0.9957981705665588
img_04565.jpg,23,xiaolongbao,0.9911320805549622
img_04566.jpg,22,turnip_cake,0.9967358708381653
img_04567.jpg,21,turkey_rice,0.9870651960372925
img_04568.jpg,2,bubble_tea,0.9922375082969666
img_04569.jpg,2,bubble_tea,0.996171772480011
img_04570.jpg,13,potsticker,0.9823430180549622
img_04571.jpg,2,bubble_tea,0.9947946667671204
img_04572.jpg,23,xiaolongbao,0.9965007305145264
img_04573.jpg,2,bubble_tea,0.9920810461044312
img_04574.jpg,9,mochi,0.9940809607505798
img_04575.jpg,12,pineapple_cake,0.9924688935279846
img_04576.jpg,8,mango_shaved_ice,0.996380627155304
img_04577.jpg,6,grilled_taiwanese_sausage,0.9341347813606262
img_04578.jpg,21,turkey_rice,0.9823827147483826
img_04579.jpg,23,xiaolongbao,0.9928612112998962
img_04580.jpg,18,tanghulu,0.9971047043800354
img_04581.jpg,12,pineapple_cake,0.9912210702896118
img_04582.jpg,19,taro_ball,0.9861887097358704
img_04583.jpg,11,papaya_milk,0.986079752445221
img_04584.jpg,16,stinky_tofu,0.9981911778450012
img_04585.jpg,0,beef_noodles,0.9984101057052612
img_04586.jpg,16,stinky_tofu,0.9965693950653076
img_04587.jpg,7,iron_egg,0.9922290444374084
img_04588.jpg,2,bubble_tea,0.9951968789100647
img_04589.jpg,17,sweet_potato_ball,0.9949914813041687
img_04590.jpg,9,mochi,0.9954915642738342
img_04591.jpg,21,turkey_rice,0.9906525611877441
img_04592.jpg,21,turkey_rice,0.9880238175392151
img_04593.jpg,17,sweet_potato_ball,0.9889074563980103
img_04594.jpg,7,iron_egg,0.9942066669464111
img_04595.jpg,10,oyster_omelet,0.9961386322975159
img_04596.jpg,3,coffin_toast,0.9917289614677429
img_04597.jpg,0,beef_noodles,0.9908875226974487
img_04598.jpg,23,xiaolongbao,0.9867952466011047
img_04599.jpg,2,bubble_tea,0.9926315546035767
img_04600.jpg,4,deep-fried_chicken_cutlets,0.9870393872261047
img_04601.jpg,23,xiaolongbao,0.9929179549217224
img_04602.jpg,19,taro_ball,0.9959558844566345
img_04603.jpg,3,coffin_toast,0.9910181760787964
img_04604.jpg,10,oyster_omelet,0.9970239996910095
img_04605.jpg,20,three-cup_chicken,0.9968836903572083
img_04606.jpg,23,xiaolongbao,0.9918497800827026
img_04607.jpg,7,iron_egg,0.9957773685455322
img_04608.jpg,24,yolk_pastry,0.9923279881477356
img_04609.jpg,5,egg_pancake_roll,0.902496874332428
img_04610.jpg,19,taro_ball,0.9970138072967529
img_04611.jpg,23,xiaolongbao,0.9909346699714661
img_04612.jpg,8,mango_shaved_ice,0.9957516193389893
img_04613.jpg,8,mango_shaved_ice,0.9978958368301392
img_04614.jpg,10,oyster_omelet,0.9922044277191162
img_04615.jpg,4,deep-fried_chicken_cutlets,0.43913692235946655
img_04616.jpg,14,rice_dumpling,0.9963388442993164
img_04617.jpg,17,sweet_potato_ball,0.9918406009674072
img_04618.jpg,2,bubble_tea,0.9945488572120667
img_04619.jpg,4,deep-fried_chicken_cutlets,0.998729407787323
img_04620.jpg,2,bubble_tea,0.9933783411979675
img_04621.jpg,20,three-cup_chicken,0.9984737038612366
img_04622.jpg,17,sweet_potato_ball,0.9933075904846191
img_04623.jpg,18,tanghulu,0.9773373603820801
img_04624.jpg,15,scallion_pancake,0.9964948296546936
img_04625.jpg,18,tanghulu,0.7285959124565125
img_04626.jpg,4,deep-fried_chicken_cutlets,0.9926761984825134
img_04627.jpg,4,deep-fried_chicken_cutlets,0.9948362112045288
img_04628.jpg,8,mango_shaved_ice,0.9971285462379456
img_04629.jpg,17,sweet_potato_ball,0.9590631723403931
img_04630.jpg,20,three-cup_chicken,0.9971818923950195
img_04631.jpg,10,oyster_omelet,0.9933019876480103
img_04632.jpg,20,three-cup_chicken,0.9973375201225281
img_04633.jpg,5,egg_pancake_roll,0.9917516112327576
img_04634.jpg,24,yolk_pastry,0.9962245225906372
img_04635.jpg,9,mochi,0.9914506077766418
img_04636.jpg,21,turkey_rice,0.9884603023529053
img_04637.jpg,11,papaya_milk,0.9953219294548035
img_04638.jpg,10,oyster_omelet,0.989486575126648
img_04639.jpg,22,turnip_cake,0.9949348568916321
img_04640.jpg,3,coffin_toast,0.9975528120994568
img_04641.jpg,14,rice_dumpling,0.9981616139411926
img_04642.jpg,1,braised_pork_over_rice,0.9875389337539673
img_04643.jpg,2,bubble_tea,0.9945473670959473
img_04644.jpg,9,mochi,0.9922431111335754
img_04645.jpg,2,bubble_tea,0.9973410964012146
img_04646.jpg,3,coffin_toast,0.9751494526863098
img_04647.jpg,0,beef_noodles,0.9947185516357422
img_04648.jpg,9,mochi,0.9784610867500305
img_04649.jpg,9,mochi,0.9925143122673035
img_04650.jpg,23,xiaolongbao,0.9968165755271912
img_04651.jpg,0,beef_noodles,0.43006742000579834
img_04652.jpg,14,rice_dumpling,0.9941218495368958
img_04653.jpg,2,bubble_tea,0.9948089122772217
img_04654.jpg,9,mochi,0.9944320321083069
img_04655.jpg,10,oyster_omelet,0.9969499707221985
img_04656.jpg,5,egg_pancake_roll,0.9478034973144531
img_04657.jpg,19,taro_ball,0.9972811937332153
img_04658.jpg,22,turnip_cake,0.9875379800796509
img_04659.jpg,19,taro_ball,0.9971503615379333
img_04660.jpg,16,stinky_tofu,0.9888647794723511
img_04661.jpg,17,sweet_potato_ball,0.9960201382637024
img_04662.jpg,13,potsticker,0.99308842420578
img_04663.jpg,8,mango_shaved_ice,0.9972555041313171
img_04664.jpg,23,xiaolongbao,0.9914174675941467
img_04665.jpg,9,mochi,0.9948193430900574
img_04666.jpg,18,tanghulu,0.9973651766777039
img_04667.jpg,23,xiaolongbao,0.9916929602622986
img_04668.jpg,11,papaya_milk,0.997384250164032
img_04669.jpg,7,iron_egg,0.9944831728935242
img_04670.jpg,23,xiaolongbao,0.989521861076355
img_04671.jpg,20,three-cup_chicken,0.9977084398269653
img_04672.jpg,5,egg_pancake_roll,0.8624522089958191
img_04673.jpg,5,egg_pancake_roll,0.9936116337776184
img_04674.jpg,23,xiaolongbao,0.9922012090682983
img_04675.jpg,2,bubble_tea,0.9941712021827698
img_04676.jpg,21,turkey_rice,0.9895665645599365
img_04677.jpg,3,coffin_toast,0.99406898021698
img_04678.jpg,24,yolk_pastry,0.9837227463722229
img_04679.jpg,24,yolk_pastry,0.9833613038063049
img_04680.jpg,10,oyster_omelet,0.9964750409126282
img_04681.jpg,2,bubble_tea,0.9939708709716797
img_04682.jpg,10,oyster_omelet,0.995136559009552
img_04683.jpg,13,potsticker,0.9933211207389832
img_04684.jpg,15,scallion_pancake,0.9870800375938416
img_04685.jpg,4,deep-fried_chicken_cutlets,0.9975340366363525
img_04686.jpg,0,beef_noodles,0.9933260679244995
img_04687.jpg,21,turkey_rice,0.8372368812561035
img_04688.jpg,14,rice_dumpling,0.983906090259552
img_04689.jpg,0,beef_noodles,0.9980195760726929
img_04690.jpg,23,xiaolongbao,0.9932500123977661
img_04691.jpg,23,xiaolongbao,0.984618604183197
img_04692.jpg,6,grilled_taiwanese_sausage,0.9962052702903748
img_04693.jpg,16,stinky_tofu,0.993283748626709
img_04694.jpg,24,yolk_pastry,0.9811275005340576
img_04695.jpg,8,mango_shaved_ice,0.9983065128326416
img_04696.jpg,24,yolk_pastry,0.9906310439109802
img_04697.jpg,12,pineapple_cake,0.8852574229240417
img_04698.jpg,4,deep-fried_chicken_cutlets,0.9975476861000061
img_04699.jpg,22,turnip_cake,0.9954131245613098
img_04700.jpg,7,iron_egg,0.9969780445098877
img_04701.jpg,21,turkey_rice,0.986210286617279
img_04702.jpg,9,mochi,0.17991025745868683
img_04703.jpg,0,beef_noodles,0.9934589266777039
img_04704.jpg,19,taro_ball,0.9969900846481323
img_04705.jpg,6,grilled_taiwanese_sausage,0.9957011342048645
img_04706.jpg,18,tanghulu,0.9956710338592529
img_04707.jpg,12,pineapple_cake,0.9983958601951599
img_04708.jpg,4,deep-fried_chicken_cutlets,0.9970670342445374
img_04709.jpg,14,rice_dumpling,0.9859350919723511
img_04710.jpg,11,papaya_milk,0.9932679533958435
img_04711.jpg,23,xiaolongbao,0.9943301677703857
img_04712.jpg,4,deep-fried_chicken_cutlets,0.995733916759491
img_04713.jpg,0,beef_noodles,0.9937905669212341
img_04714.jpg,23,xiaolongbao,0.9957135915756226
img_04715.jpg,10,oyster_omelet,0.9918224215507507
img_04716.jpg,23,xiaolongbao,0.9901662468910217
img_04717.jpg,20,three-cup_chicken,0.9984920024871826
img_04718.jpg,16,stinky_tofu,0.9960423707962036
img_04719.jpg,16,stinky_tofu,0.9972889423370361
img_04720.jpg,2,bubble_tea,0.9925251007080078
img_04721.jpg,18,tanghulu,0.9974784255027771
img_04722.jpg,6,grilled_taiwanese_sausage,0.9885291457176208
img_04723.jpg,6,grilled_taiwanese_sausage,0.9956782460212708
img_04724.jpg,4,deep-fried_chicken_cutlets,0.9980869293212891
img_04725.jpg,2,bubble_tea,0.9967085123062134
img_04726.jpg,3,coffin_toast,0.994195818901062
img_04727.jpg,21,turkey_rice,0.9916565418243408
img_04728.jpg,22,turnip_cake,0.9836003184318542
img_04729.jpg,5,egg_pancake_roll,0.9657445549964905
img_04730.jpg,9,mochi,0.9938469529151917
img_04731.jpg,15,scallion_pancake,0.9948806762695312
img_04732.jpg,17,sweet_potato_ball,0.9776666760444641
img_04733.jpg,18,tanghulu,0.9968222379684448
img_04734.jpg,11,papaya_milk,0.9957644939422607
img_04735.jpg,23,xiaolongbao,0.9920071363449097
img_04736.jpg,23,xiaolongbao,0.9960355162620544
img_04737.jpg,10,oyster_omelet,0.987185537815094
img_04738.jpg,24,yolk_pastry,0.9854094982147217
img_04739.jpg,11,papaya_milk,0.9963170289993286
img_04740.jpg,6,grilled_taiwanese_sausage,0.9947757720947266
img_04741.jpg,20,three-cup_chicken,0.9797335267066956
img_04742.jpg,16,stinky_tofu,0.999089241027832
img_04743.jpg,21,turkey_rice,0.9873753786087036
img_04744.jpg,9,mochi,0.9876783490180969
img_04745.jpg,13,potsticker,0.9763237833976746
img_04746.jpg,24,yolk_pastry,0.9953672885894775
img_04747.jpg,8,mango_shaved_ice,0.9969189167022705
img_04748.jpg,2,bubble_tea,0.9950921535491943
img_04749.jpg,11,papaya_milk,0.998172402381897
img_04750.jpg,17,sweet_potato_ball,0.9961749315261841
img_04751.jpg,13,potsticker,0.9350435733795166
img_04752.jpg,1,braised_pork_over_rice,0.9894009232521057
img_04753.jpg,9,mochi,0.9862796068191528
img_04754.jpg,2,bubble_tea,0.9942319989204407
img_04755.jpg,14,rice_dumpling,0.9963153004646301
img_04756.jpg,9,mochi,0.9927252531051636
img_04757.jpg,23,xiaolongbao,0.9921392798423767
img_04758.jpg,11,papaya_milk,0.996536135673523
img_04759.jpg,16,stinky_tofu,0.9983170032501221
img_04760.jpg,20,three-cup_chicken,0.9970362186431885
img_04761.jpg,6,grilled_taiwanese_sausage,0.9953253269195557
img_04762.jpg,10,oyster_omelet,0.9930036664009094
img_04763.jpg,23,xiaolongbao,0.9908453822135925
img_04764.jpg,7,iron_egg,0.9954057931900024
img_04765.jpg,3,coffin_toast,0.9610909819602966
img_04766.jpg,11,papaya_milk,0.9973433613777161
img_04767.jpg,8,mango_shaved_ice,0.9968041181564331
img_04768.jpg,15,scallion_pancake,0.9931122660636902
img_04769.jpg,15,scallion_pancake,0.9883964657783508
img_04770.jpg,6,grilled_taiwanese_sausage,0.9872341156005859
img_04771.jpg,15,scallion_pancake,0.9951392412185669
img_04772.jpg,19,taro_ball,0.9984099864959717
img_04773.jpg,11,papaya_milk,0.9891435503959656
img_04774.jpg,16,stinky_tofu,0.9881229996681213
img_04775.jpg,4,deep-fried_chicken_cutlets,0.9946302175521851
img_04776.jpg,9,mochi,0.9968750476837158
img_04777.jpg,3,coffin_toast,0.9944058656692505
img_04778.jpg,12,pineapple_cake,0.9948804378509521
img_04779.jpg,9,mochi,0.9900180697441101
img_04780.jpg,2,bubble_tea,0.9874714016914368
img_04781.jpg,2,bubble_tea,0.9935171604156494
img_04782.jpg,8,mango_shaved_ice,0.9948350191116333
img_04783.jpg,24,yolk_pastry,0.9930036664009094
img_04784.jpg,15,scallion_pancake,0.9874442219734192
img_04785.jpg,12,pineapple_cake,0.9882744550704956
img_04786.jpg,23,xiaolongbao,0.9927070736885071
img_04787.jpg,3,coffin_toast,0.9918051958084106
img_04788.jpg,16,stinky_tofu,0.9829887747764587
img_04789.jpg,5,egg_pancake_roll,0.9839697480201721
img_04790.jpg,23,xiaolongbao,0.9941583871841431
img_04791.jpg,20,three-cup_chicken,0.9986590147018433
img_04792.jpg,1,braised_pork_over_rice,0.9899747967720032
img_04793.jpg,11,papaya_milk,0.9977360963821411
img_04794.jpg,14,rice_dumpling,0.9949358701705933
img_04795.jpg,15,scallion_pancake,0.9957175850868225
img_04796.jpg,4,deep-fried_chicken_cutlets,0.993938684463501
img_04797.jpg,16,stinky_tofu,0.9944630265235901
img_04798.jpg,3,coffin_toast,0.993133544921875
img_04799.jpg,4,deep-fried_chicken_cutlets,0.953720211982727
img_04800.jpg,14,rice_dumpling,0.968279242515564
img_04801.jpg,9,mochi,0.9928016662597656
img_04802.jpg,6,grilled_taiwanese_sausage,0.9891918301582336
img_04803.jpg,11,papaya_milk,0.8848602771759033
img_04804.jpg,14,rice_dumpling,0.9953462481498718
img_04805.jpg,18,tanghulu,0.9958156943321228
img_04806.jpg,6,grilled_taiwanese_sausage,0.992270827293396
img_04807.jpg,0,beef_noodles,0.9960963129997253
img_04808.jpg,11,papaya_milk,0.9959681034088135
img_04809.jpg,19,taro_ball,0.9982422590255737
img_04810.jpg,9,mochi,0.9912527203559875
img_04811.jpg,18,tanghulu,0.996704638004303
img_04812.jpg,23,xiaolongbao,0.9918699264526367
img_04813.jpg,8,mango_shaved_ice,0.9976584911346436
img_04814.jpg,23,xiaolongbao,0.9927483201026917
img_04815.jpg,1,braised_pork_over_rice,0.941641628742218
img_04816.jpg,22,turnip_cake,0.9987578392028809
img_04817.jpg,9,mochi,0.9949262142181396
img_04818.jpg,9,mochi,0.9943789839744568
img_04819.jpg,3,coffin_toast,0.9917954802513123
img_04820.jpg,21,turkey_rice,0.8986892104148865
img_04821.jpg,1,braised_pork_over_rice,0.9877279996871948
img_04822.jpg,18,tanghulu,0.9971672892570496
img_04823.jpg,3,coffin_toast,0.9899436235427856
img_04824.jpg,23,xiaolongbao,0.9957088232040405
img_04825.jpg,4,deep-fried_chicken_cutlets,0.9965651631355286
img_04826.jpg,5,egg_pancake_roll,0.9923566579818726
img_04827.jpg,9,mochi,0.9897894263267517
img_04828.jpg,10,oyster_omelet,0.9934640526771545
img_04829.jpg,11,papaya_milk,0.9894118905067444
img_04830.jpg,0,beef_noodles,0.9953515529632568
img_04831.jpg,4,deep-fried_chicken_cutlets,0.998246431350708
